precision,tensor,group,storage,shape,count,mean,mean_abs,rms,std,min,max,max_abs,zero_fraction,zeroed_nonzero_count,zeroed_nonzero_fraction,p50_abs_approx,p99_abs_approx,p999_abs_approx,rmse,max_abs_error,relative_l2_error,cosine,sqnr_db,outside_histogram
FP16,blk.0.attn_qkv.bias,auxiliary,float32,2304,2304,-0.000707321257305043,0.1340229516249478,0.22592253579663632,0.2259214285485584,-1.3370752334594727,1.1749248504638672,1.3370752334594727,0.0,0,0.0,0.06010638114477035,0.8589374621481102,1.2379902908374394,0.0,0.0,0.0,1.0,,0
INT4,blk.0.attn_qkv.bias,auxiliary,F32,2304,2304,-0.000707321257305043,0.1340229516249478,0.22592253579663632,0.2259214285485584,-1.3370752334594727,1.1749248504638672,1.3370752334594727,0.0,0,0.0,0.06010638114477035,0.8589374621481102,1.2379902908374394,0.0,0.0,0.0,1.0,,0
INT8,blk.0.attn_qkv.bias,auxiliary,F32,2304,2304,-0.000707321257305043,0.1340229516249478,0.22592253579663632,0.2259214285485584,-1.3370752334594727,1.1749248504638672,1.3370752334594727,0.0,0,0.0,0.06010638114477035,0.8589374621481102,1.2379902908374394,0.0,0.0,0.0,1.0,,0
FP16,blk.0.attn_qkv.weight,B00,float16,2304x768,1769472,5.335833035739294e-05,0.13464286660032318,0.1996195103369261,0.1996195032055804,-2.84375,2.794921875,2.84375,5.651403356481481e-07,0,0.0,0.08199515711492207,0.6713181057085668,1.0409105011610134,0.0,0.0,0.0,1.0,,0
INT4,blk.0.attn_qkv.weight,B00,Q4_HP1,2304x768,1769472,-1.300705803765191e-05,0.13311769344188548,0.20120735054557715,0.20120735012515623,-3.0,3.0,3.0,0.1909264458550347,337838,0.19092588071469907,0.09225756874315193,0.6936074388082466,1.107173340825102,0.027537625815744638,0.249755859375,0.13795057291376725,0.9905912954056204,17.205529830804135,0
INT8,blk.0.attn_qkv.weight,B00,Q8_HP1,2304x768,1769472,5.293361566684864e-05,0.1346826473319972,0.19969272874454397,0.19969272172884608,-2.84375,2.78125,2.84375,0.012337578667534722,21830,0.012337013527199073,0.08150059824152006,0.669691268449302,1.0423250002066662,0.0017225486310476162,0.015625,0.008629159685544901,0.9999628496953071,41.28062988337739,0
FP16,blk.0.attn_output.bias,auxiliary,float32,768,768,-0.006910222078355825,0.10740472739841304,0.2588898944608253,0.2587976550990465,-2.684415817260742,2.0303163528442383,2.684415817260742,0.0,0,0.0,0.05550277457938811,1.3332986770911912,2.6463428798162334,0.0,0.0,0.0,1.0,,0
INT4,blk.0.attn_output.bias,auxiliary,F32,768,768,-0.006910222078355825,0.10740472739841304,0.2588898944608253,0.2587976550990465,-2.684415817260742,2.0303163528442383,2.684415817260742,0.0,0,0.0,0.05550277457938811,1.3332986770911912,2.6463428798162334,0.0,0.0,0.0,1.0,,0
INT8,blk.0.attn_output.bias,auxiliary,F32,768,768,-0.006910222078355825,0.10740472739841304,0.2588898944608253,0.2587976550990465,-2.684415817260742,2.0303163528442383,2.684415817260742,0.0,0,0.0,0.05550277457938811,1.3332986770911912,2.6463428798162334,0.0,0.0,0.0,1.0,,0
FP16,blk.0.attn_output.weight,B00,float16,768x768,589824,-0.00016138938068858502,0.0730089742606247,0.1474610089208886,0.14746092060418647,-3.31640625,3.060546875,3.31640625,1.6954210069444444e-06,0,0.0,0.024586828994030547,0.5914113707317831,1.1795160185051272,0.0,0.0,0.0,1.0,,0
INT4,blk.0.attn_output.weight,B00,Q4_HP1,768x768,589824,-0.00022491150432162813,0.07230395740932888,0.14842150850427707,0.14842133809361918,-3.5,3.0,3.5,0.1845618353949653,108858,0.18456013997395834,0.02389797291054143,0.6157495192301579,1.2273386140920348,0.01903275239275272,0.25,0.12906972854745358,0.9917454824594787,17.783512066579792,0
INT8,blk.0.attn_output.weight,B00,Q8_HP1,768x768,589824,-0.0001620777572194735,0.07303160501437055,0.14751110822232102,0.14751101918086634,-3.3125,3.0625,3.3125,0.011862860785590278,6996,0.011861165364583334,0.024782093879811534,0.5887221627416364,1.175139994993327,0.0011843879223752427,0.015625,0.008031871821863469,0.9999678131665728,41.90366461827789,0
FP16,blk.0.attn_norm.bias,auxiliary,float32,768,768,-0.006593452765836598,0.020122803238867466,0.03638089313664985,0.03577842598613049,-0.258882999420166,0.20192869007587433,0.258882999420166,0.0,0,0.0,0.00836287251453578,0.15030865611227187,0.26025539942102655,0.0,0.0,0.0,1.0,,0
INT4,blk.0.attn_norm.bias,auxiliary,F32,768,768,-0.006593452765836598,0.020122803238867466,0.03638089313664985,0.03577842598613049,-0.258882999420166,0.20192869007587433,0.258882999420166,0.0,0,0.0,0.00836287251453578,0.15030865611227187,0.26025539942102655,0.0,0.0,0.0,1.0,,0
INT8,blk.0.attn_norm.bias,auxiliary,F32,768,768,-0.006593452765836598,0.020122803238867466,0.03638089313664985,0.03577842598613049,-0.258882999420166,0.20192869007587433,0.258882999420166,0.0,0,0.0,0.00836287251453578,0.15030865611227187,0.26025539942102655,0.0,0.0,0.0,1.0,,0
FP16,blk.0.attn_norm.weight,auxiliary,float32,768,768,0.18035894042016784,0.18035894042016784,0.18502445620014576,0.04128803704069751,0.04186137020587921,0.25266674160957336,0.25266674160957336,0.0,0,0.0,0.18979454862510495,0.24755139769373888,0.2781625301462078,0.0,0.0,0.0,1.0,,0
INT4,blk.0.attn_norm.weight,auxiliary,F32,768,768,0.18035894042016784,0.18035894042016784,0.18502445620014576,0.04128803704069751,0.04186137020587921,0.25266674160957336,0.25266674160957336,0.0,0,0.0,0.18979454862510495,0.24755139769373888,0.2781625301462078,0.0,0.0,0.0,1.0,,0
INT8,blk.0.attn_norm.weight,auxiliary,F32,768,768,0.18035894042016784,0.18035894042016784,0.18502445620014576,0.04128803704069751,0.04186137020587921,0.25266674160957336,0.25266674160957336,0.0,0,0.0,0.18979454862510495,0.24755139769373888,0.2781625301462078,0.0,0.0,0.0,1.0,,0
FP16,blk.0.ffn_norm.bias,auxiliary,float32,768,768,0.009203531352703465,0.029419256491586054,0.07065336631135169,0.07005136102721952,-0.6647600531578064,0.7393816709518433,0.7393816709518433,0.0,0,0.0,0.013514928357616423,0.3333246692727978,0.7361134310840854,0.0,0.0,0.0,1.0,,0
INT4,blk.0.ffn_norm.bias,auxiliary,F32,768,768,0.009203531352703465,0.029419256491586054,0.07065336631135169,0.07005136102721952,-0.6647600531578064,0.7393816709518433,0.7393816709518433,0.0,0,0.0,0.013514928357616423,0.3333246692727978,0.7361134310840854,0.0,0.0,0.0,1.0,,0
INT8,blk.0.ffn_norm.bias,auxiliary,F32,768,768,0.009203531352703465,0.029419256491586054,0.07065336631135169,0.07005136102721952,-0.6647600531578064,0.7393816709518433,0.7393816709518433,0.0,0,0.0,0.013514928357616423,0.3333246692727978,0.7361134310840854,0.0,0.0,0.0,1.0,,0
FP16,blk.0.ffn_norm.weight,auxiliary,float32,768,768,0.8678297144651879,0.8678297144651879,0.9939802101123997,0.4846320715618816,0.045285746455192566,1.5110347270965576,1.5110347270965576,0.0,0,0.0,1.1172301950799755,1.4129627224946253,1.6449001374249272,0.0,0.0,0.0,1.0,,0
INT4,blk.0.ffn_norm.weight,auxiliary,F32,768,768,0.8678297144651879,0.8678297144651879,0.9939802101123997,0.4846320715618816,0.045285746455192566,1.5110347270965576,1.5110347270965576,0.0,0,0.0,1.1172301950799755,1.4129627224946253,1.6449001374249272,0.0,0.0,0.0,1.0,,0
INT8,blk.0.ffn_norm.weight,auxiliary,F32,768,768,0.8678297144651879,0.8678297144651879,0.9939802101123997,0.4846320715618816,0.045285746455192566,1.5110347270965576,1.5110347270965576,0.0,0,0.0,1.1172301950799755,1.4129627224946253,1.6449001374249272,0.0,0.0,0.0,1.0,,0
FP16,blk.0.ffn_up.bias,auxiliary,float32,3072,3072,-0.0931621911702279,0.12095367106773747,0.16183984385743835,0.13233646963766993,-0.7461664080619812,0.3323100805282593,0.7461664080619812,0.0,0,0.0,0.08853574477267227,0.43052432741730945,0.5935446928547686,0.0,0.0,0.0,1.0,,0
INT4,blk.0.ffn_up.bias,auxiliary,F32,3072,3072,-0.0931621911702279,0.12095367106773747,0.16183984385743835,0.13233646963766993,-0.7461664080619812,0.3323100805282593,0.7461664080619812,0.0,0,0.0,0.08853574477267227,0.43052432741730945,0.5935446928547686,0.0,0.0,0.0,1.0,,0
INT8,blk.0.ffn_up.bias,auxiliary,F32,3072,3072,-0.0931621911702279,0.12095367106773747,0.16183984385743835,0.13233646963766993,-0.7461664080619812,0.3323100805282593,0.7461664080619812,0.0,0,0.0,0.08853574477267227,0.43052432741730945,0.5935446928547686,0.0,0.0,0.0,1.0,,0
FP16,blk.0.ffn_up.weight,B00,float16,3072x768,2359296,-0.0007485127315602666,0.10516798869988027,0.14117124245331694,0.14116925807166336,-2.3125,4.5859375,4.5859375,0.0,0,0.0,0.07876276912538427,0.41680856131003985,0.5875387980416672,0.0,0.0,0.0,1.0,,0
INT4,blk.0.ffn_up.weight,B00,Q4_HP1,3072x768,2359296,-0.0007779796918233236,0.10372375779681736,0.1422042726383836,0.14220214451340332,-2.5,5.0,5.0,0.21757210625542533,513317,0.21757210625542533,0.07236756859452034,0.42878217325464063,0.626812709438829,0.01924141164257697,0.48876953125,0.13629837995468372,0.9908054310969558,17.31018612335387,0
INT8,blk.0.ffn_up.weight,B00,Q8_HP1,3072x768,2359296,-0.0007493212405178282,0.10519873205986288,0.14122370684922866,0.14122171891715304,-2.3125,4.5625,4.5625,0.014269934760199653,33667,0.014269934760199653,0.0776712263880055,0.4174819316027906,0.586522849478461,0.0012124423002480914,0.03070068359375,0.00858845101295348,0.9999632019869553,41.32170314290427,0
FP16,blk.0.ffn_down.bias,auxiliary,float32,768,768,-0.0004230526742062442,0.05888339374182442,0.10163440866265057,0.10163352818160701,-1.0288007259368896,1.4793617725372314,1.4793617725372314,0.0,0,0.0,0.04280970287578944,0.25466395248932217,1.472226862168171,0.0,0.0,0.0,1.0,,0
INT4,blk.0.ffn_down.bias,auxiliary,F32,768,768,-0.0004230526742062442,0.05888339374182442,0.10163440866265057,0.10163352818160701,-1.0288007259368896,1.4793617725372314,1.4793617725372314,0.0,0,0.0,0.04280970287578944,0.25466395248932217,1.472226862168171,0.0,0.0,0.0,1.0,,0
INT8,blk.0.ffn_down.bias,auxiliary,F32,768,768,-0.0004230526742062442,0.05888339374182442,0.10163440866265057,0.10163352818160701,-1.0288007259368896,1.4793617725372314,1.4793617725372314,0.0,0,0.0,0.04280970287578944,0.25466395248932217,1.472226862168171,0.0,0.0,0.0,1.0,,0
FP16,blk.0.ffn_down.weight,B00,float16,768x3072,2359296,8.005394470779316e-06,0.06414202420468326,0.08796559069290692,0.08796559032863756,-6.14453125,6.06640625,6.14453125,0.0,0,0.0,0.051466356961315886,0.23705693705184477,0.43674245979729776,0.0,0.0,0.0,1.0,,0
INT4,blk.0.ffn_down.weight,B00,Q4_HP1,768x3072,2359296,-2.6969446076287164e-05,0.06326882541179657,0.08855251985390945,0.08855251574701876,-6.0,6.0,6.0,0.19440248277452257,458653,0.19440248277452257,0.06493100186883385,0.2513249637789124,0.47151752884762677,0.01226547710274844,0.49609375,0.13943494275583218,0.9903654918153598,17.112567545652784,0
INT8,blk.0.ffn_down.weight,B00,Q8_HP1,768x3072,2359296,7.819487816757626e-06,0.06415833998471498,0.08800074607433145,0.08800074572692308,-6.125,6.0625,6.125,0.013484107123480903,31813,0.013484107123480903,0.05213758827228953,0.2375901533225592,0.43887575452497884,0.0008667954170292651,0.03125,0.009853800903302056,0.9999515505264315,40.127924338422936,0
FP16,blk.1.attn_qkv.bias,auxiliary,float32,2304,2304,0.0008002500215601079,0.11759219452600671,0.21101238786725574,0.21101087041511432,-1.815081000328064,1.9394609928131104,1.9394609928131104,0.0,0,0.0,0.05115464914839854,0.8015748178693222,1.652518779285366,0.0,0.0,0.0,1.0,,0
INT4,blk.1.attn_qkv.bias,auxiliary,F32,2304,2304,0.0008002500215601079,0.11759219452600671,0.21101238786725574,0.21101087041511432,-1.815081000328064,1.9394609928131104,1.9394609928131104,0.0,0,0.0,0.05115464914839854,0.8015748178693222,1.652518779285366,0.0,0.0,0.0,1.0,,0
INT8,blk.1.attn_qkv.bias,auxiliary,F32,2304,2304,0.0008002500215601079,0.11759219452600671,0.21101238786725574,0.21101087041511432,-1.815081000328064,1.9394609928131104,1.9394609928131104,0.0,0,0.0,0.05115464914839854,0.8015748178693222,1.652518779285366,0.0,0.0,0.0,1.0,,0
FP16,blk.1.attn_qkv.weight,B01,float16,2304x768,1769472,2.807391636586679e-05,0.10081971766036683,0.14005823856206512,0.14005823574843276,-1.0771484375,1.23828125,1.23828125,5.651403356481481e-07,0,0.0,0.07183863545802886,0.455399497436371,0.6644725078497039,0.0,0.0,0.0,1.0,,0
INT4,blk.1.attn_qkv.weight,B01,Q4_HP1,2304x768,1769472,-3.630143624764902e-05,0.09973316722446018,0.14104691371904124,0.14104690904756612,-1.0,1.25,1.25,0.1873050265842014,331430,0.18730446144386573,0.07140085869266893,0.48185707316434445,0.6859445137573855,0.018511185471096564,0.124755859375,0.1321677729289274,0.9913518027189177,17.57748855893724,0
INT8,blk.1.attn_qkv.weight,B01,Q8_HP1,2304x768,1769472,2.897641173115483e-05,0.10085145273694286,0.14011044027238378,0.14011043727606015,-1.078125,1.234375,1.234375,0.012164080584490741,21523,0.012163515444155093,0.07139133681773682,0.45725359193069376,0.6626012873469838,0.001157131055444837,0.0078125,0.0082617850068996,0.9999659536018098,41.658522213652,0
FP16,blk.1.attn_output.bias,auxiliary,float32,768,768,-0.0010727138601112074,0.07219491586072498,0.10474524357549829,0.10473975050889128,-0.5346464514732361,1.2506992816925049,1.2506992816925049,0.0,0,0.0,0.05613327330524588,0.2782176234795716,1.2379902908374394,0.0,0.0,0.0,1.0,,0
INT4,blk.1.attn_output.bias,auxiliary,F32,768,768,-0.0010727138601112074,0.07219491586072498,0.10474524357549829,0.10473975050889128,-0.5346464514732361,1.2506992816925049,1.2506992816925049,0.0,0,0.0,0.05613327330524588,0.2782176234795716,1.2379902908374394,0.0,0.0,0.0,1.0,,0
INT8,blk.1.attn_output.bias,auxiliary,F32,768,768,-0.0010727138601112074,0.07219491586072498,0.10474524357549829,0.10473975050889128,-0.5346464514732361,1.2506992816925049,1.2506992816925049,0.0,0,0.0,0.05613327330524588,0.2782176234795716,1.2379902908374394,0.0,0.0,0.0,1.0,,0
FP16,blk.1.attn_output.weight,B01,float16,768x768,589824,-8.27686999400612e-05,0.0675110145980903,0.1019180929415402,0.10191805933289122,-4.7265625,3.986328125,4.7265625,0.0,0,0.0,0.05275572887429987,0.25121045023616323,0.8087211717013799,0.0,0.0,0.0,1.0,,0
INT4,blk.1.attn_output.weight,B01,Q4_HP1,768x768,589824,-0.00014090538024902344,0.06687246925301021,0.10259040349503011,0.10259030672995818,-5.0,3.5,5.0,0.1730499267578125,102069,0.1730499267578125,0.06522522622108248,0.2735965694147115,0.91808033686616,0.01304909606494353,0.498046875,0.12803512789852178,0.9918788323347212,17.853417207122504,0
INT8,blk.1.attn_output.weight,B01,Q8_HP1,768x768,589824,-8.118866632382075e-05,0.06753105835782157,0.1019475073705184,0.10194747504211354,-4.75,3.96875,4.75,0.011155870225694444,6580,0.011155870225694444,0.0534172352037739,0.25251173630512563,0.814729134749401,0.0008217486006185691,0.03125,0.008062833368457166,0.9999675463728654,41.87024631017032,0
FP16,blk.1.attn_norm.bias,auxiliary,float32,768,768,-0.005023485849252533,0.015791802984828962,0.05264253902034776,0.05240230438092581,-0.6645174026489258,0.5331735014915466,0.6645174026489258,0.0,0,0.0,0.006067197127470492,0.3028481842350168,0.6189951454187197,0.0,0.0,0.0,1.0,,0
INT4,blk.1.attn_norm.bias,auxiliary,F32,768,768,-0.005023485849252533,0.015791802984828962,0.05264253902034776,0.05240230438092581,-0.6645174026489258,0.5331735014915466,0.6645174026489258,0.0,0,0.0,0.006067197127470492,0.3028481842350168,0.6189951454187197,0.0,0.0,0.0,1.0,,0
INT8,blk.1.attn_norm.bias,auxiliary,F32,768,768,-0.005023485849252533,0.015791802984828962,0.05264253902034776,0.05240230438092581,-0.6645174026489258,0.5331735014915466,0.6645174026489258,0.0,0,0.0,0.006067197127470492,0.3028481842350168,0.6189951454187197,0.0,0.0,0.0,1.0,,0
FP16,blk.1.attn_norm.weight,auxiliary,float32,768,768,0.22284089335395643,0.22284089335395643,0.22866373653970415,0.05127417144635147,0.07250944525003433,0.6553342938423157,0.6553342938423157,0.0,0,0.0,0.2194801180740601,0.5069797398950132,0.6839676519512446,0.0,0.0,0.0,1.0,,0
INT4,blk.1.attn_norm.weight,auxiliary,F32,768,768,0.22284089335395643,0.22284089335395643,0.22866373653970415,0.05127417144635147,0.07250944525003433,0.6553342938423157,0.6553342938423157,0.0,0,0.0,0.2194801180740601,0.5069797398950132,0.6839676519512446,0.0,0.0,0.0,1.0,,0
INT8,blk.1.attn_norm.weight,auxiliary,F32,768,768,0.22284089335395643,0.22284089335395643,0.22866373653970415,0.05127417144635147,0.07250944525003433,0.6553342938423157,0.6553342938423157,0.0,0,0.0,0.2194801180740601,0.5069797398950132,0.6839676519512446,0.0,0.0,0.0,1.0,,0
FP16,blk.1.ffn_norm.bias,auxiliary,float32,768,768,-0.004073990792110275,0.017691358274059137,0.03938085491422055,0.039169558751672065,-0.5866104364395142,0.4565028250217438,0.5866104364395142,0.0,0,0.0,0.011580626731769487,0.11110533514582005,0.5205107988420531,0.0,0.0,0.0,1.0,,0
INT4,blk.1.ffn_norm.bias,auxiliary,F32,768,768,-0.004073990792110275,0.017691358274059137,0.03938085491422055,0.039169558751672065,-0.5866104364395142,0.4565028250217438,0.5866104364395142,0.0,0,0.0,0.011580626731769487,0.11110533514582005,0.5205107988420531,0.0,0.0,0.0,1.0,,0
INT8,blk.1.ffn_norm.bias,auxiliary,F32,768,768,-0.004073990792110275,0.017691358274059137,0.03938085491422055,0.039169558751672065,-0.5866104364395142,0.4565028250217438,0.5866104364395142,0.0,0,0.0,0.011580626731769487,0.11110533514582005,0.5205107988420531,0.0,0.0,0.0,1.0,,0
FP16,blk.1.ffn_norm.weight,auxiliary,float32,768,768,0.2426940645867338,0.2426940645867338,0.2447458562451404,0.03162475554905075,0.056036315858364105,0.4522954523563385,0.4522954523563385,0.0,0,0.0,0.23982022753989543,0.34464906343762786,0.4376956648471298,0.0,0.0,0.0,1.0,,0
INT4,blk.1.ffn_norm.weight,auxiliary,F32,768,768,0.2426940645867338,0.2426940645867338,0.2447458562451404,0.03162475554905075,0.056036315858364105,0.4522954523563385,0.4522954523563385,0.0,0,0.0,0.23982022753989543,0.34464906343762786,0.4376956648471298,0.0,0.0,0.0,1.0,,0
INT8,blk.1.ffn_norm.weight,auxiliary,F32,768,768,0.2426940645867338,0.2426940645867338,0.2447458562451404,0.03162475554905075,0.056036315858364105,0.4522954523563385,0.4522954523563385,0.0,0,0.0,0.23982022753989543,0.34464906343762786,0.4376956648471298,0.0,0.0,0.0,1.0,,0
FP16,blk.1.ffn_up.bias,auxiliary,float32,3072,3072,-0.07219840929320398,0.08856824877166385,0.1192383154303175,0.09489555080292696,-0.6562828421592712,0.2650562822818756,0.6562828421592712,0.0,0,0.0,0.06034176470985613,0.3214798012048263,0.49896135949952364,0.0,0.0,0.0,1.0,,0
INT4,blk.1.ffn_up.bias,auxiliary,F32,3072,3072,-0.07219840929320398,0.08856824877166385,0.1192383154303175,0.09489555080292696,-0.6562828421592712,0.2650562822818756,0.6562828421592712,0.0,0,0.0,0.06034176470985613,0.3214798012048263,0.49896135949952364,0.0,0.0,0.0,1.0,,0
INT8,blk.1.ffn_up.bias,auxiliary,F32,3072,3072,-0.07219840929320398,0.08856824877166385,0.1192383154303175,0.09489555080292696,-0.6562828421592712,0.2650562822818756,0.6562828421592712,0.0,0,0.0,0.06034176470985613,0.3214798012048263,0.49896135949952364,0.0,0.0,0.0,1.0,,0
FP16,blk.1.ffn_up.weight,B01,float16,3072x768,2359296,0.0006420395274189003,0.09996537982189896,0.13072217673044068,0.1307206000383635,-1.873046875,2.2890625,2.2890625,4.238552517361111e-07,0,0.0,0.07937239927942719,0.3734441141845159,0.5412485918158567,0.0,0.0,0.0,1.0,,0
INT4,blk.1.ffn_up.weight,B01,Q4_HP1,3072x768,2359296,0.0005525946617126465,0.09895455174975926,0.13160687688302447,0.13160571675289567,-1.75,2.5,2.5,0.18207931518554688,429578,0.18207889133029515,0.07255018922036627,0.38752033364585564,0.5699290932650676,0.016831686179922638,0.2493896484375,0.12875922510555257,0.9917890027607879,17.804432912700715,0
INT8,blk.1.ffn_up.weight,B01,Q8_HP1,3072x768,2359296,0.0006421823054552078,0.09999508017467128,0.13076914828373562,0.13076757145691814,-1.875,2.28125,2.28125,0.011874728732638888,28015,0.011874304877387153,0.07840967016570034,0.3737094728823208,0.5416359043707727,0.001052818190774577,0.01495361328125,0.008053860615751298,0.9999676438476154,41.87991781573858,0
FP16,blk.1.ffn_down.bias,auxiliary,float32,768,768,0.00025057214854721604,0.06393086782008339,0.10036399351292613,0.10036368071897847,-0.6990935802459717,1.5943773984909058,1.5943773984909058,0.0,0,0.0,0.0518148053469021,0.23569613397955858,1.472226862168171,0.0,0.0,0.0,1.0,,0
INT4,blk.1.ffn_down.bias,auxiliary,F32,768,768,0.00025057214854721604,0.06393086782008339,0.10036399351292613,0.10036368071897847,-0.6990935802459717,1.5943773984909058,1.5943773984909058,0.0,0,0.0,0.0518148053469021,0.23569613397955858,1.472226862168171,0.0,0.0,0.0,1.0,,0
INT8,blk.1.ffn_down.bias,auxiliary,F32,768,768,0.00025057214854721604,0.06393086782008339,0.10036399351292613,0.10036368071897847,-0.6990935802459717,1.5943773984909058,1.5943773984909058,0.0,0,0.0,0.0518148053469021,0.23569613397955858,1.472226862168171,0.0,0.0,0.0,1.0,,0
FP16,blk.1.ffn_down.weight,B01,float16,768x3072,2359296,9.793176738841996e-05,0.06410805352281083,0.08719098554654721,0.08719093054869377,-4.9296875,13.734375,13.734375,0.0,0,0.0,0.05166552615830739,0.23542485637022872,0.3952843155446329,0.0,0.0,0.0,1.0,,0
INT4,blk.1.ffn_down.weight,B01,Q4_HP1,768x3072,2359296,5.9323799279001025e-05,0.06336813357969125,0.08770363307470874,0.0877036130110384,-5.0,14.0,14.0,0.19364039103190103,456855,0.19364039103190103,0.06502797100658028,0.24730830377650853,0.4090853233914438,0.0117586939229199,0.9921875,0.13486134890220366,0.9909765473256398,17.402250015261732,0
INT8,blk.1.ffn_down.weight,B01,Q8_HP1,768x3072,2359296,9.740890365921789e-05,0.06412314291163865,0.08722430103314494,0.08722424664178062,-4.9375,13.75,13.75,0.014814164903428819,34951,0.014814164903428819,0.05235469739784116,0.23597274506708651,0.3965414262277799,0.0007960338952741662,0.0599365234375,0.009129772880582945,0.9999584125134396,40.79080052365451,0
FP16,blk.10.attn_qkv.bias,auxiliary,float32,2304,2304,0.0016108105806635661,0.09248326252148568,0.14523794103388227,0.14522900813898953,-0.9162278175354004,0.7710011005401611,0.9162278175354004,0.0,0,0.0,0.050692519024276524,0.5333390987256016,0.8098163447095266,0.0,0.0,0.0,1.0,,0
INT4,blk.10.attn_qkv.bias,auxiliary,F32,2304,2304,0.0016108105806635661,0.09248326252148568,0.14523794103388227,0.14522900813898953,-0.9162278175354004,0.7710011005401611,0.9162278175354004,0.0,0,0.0,0.050692519024276524,0.5333390987256016,0.8098163447095266,0.0,0.0,0.0,1.0,,0
INT8,blk.10.attn_qkv.bias,auxiliary,F32,2304,2304,0.0016108105806635661,0.09248326252148568,0.14523794103388227,0.14522900813898953,-0.9162278175354004,0.7710011005401611,0.9162278175354004,0.0,0,0.0,0.050692519024276524,0.5333390987256016,0.8098163447095266,0.0,0.0,0.0,1.0,,0
FP16,blk.10.attn_qkv.weight,B10,float16,2304x768,1769472,9.250504879471716e-05,0.09952216837104465,0.12667362816169786,0.12667359438519157,-1.8935546875,1.7958984375,1.8935546875,5.651403356481481e-07,0,0.0,0.08229770643479103,0.34486161902257656,0.47637066959075297,0.0,0.0,0.0,1.0,,0
INT4,blk.10.attn_qkv.weight,B10,Q4_HP1,2304x768,1769472,2.712673611111111e-05,0.09854874787507234,0.12759268853946976,0.12759268565584128,-2.0,1.75,2.0,0.17689683702256945,313013,0.1768962718822338,0.07300494409433929,0.352924313354104,0.4905087248450564,0.016615772464401782,0.125,0.13116994204343688,0.9914853200464566,17.64331346692655,0
INT8,blk.10.attn_qkv.weight,B10,Q8_HP1,2304x768,1769472,9.218079072457772e-05,0.09955207727573535,0.12671975258350543,0.12671971905558604,-1.890625,1.796875,1.890625,0.011432223849826388,20228,0.011431658709490741,0.08168957124932945,0.344558987123664,0.4768856241169787,0.0010386217814434937,0.0078125,0.008199195022011222,0.999966465102973,41.72457567100702,0
FP16,blk.10.attn_output.bias,auxiliary,float32,768,768,0.0020241077569759605,0.11990629248324088,0.23206659463075985,0.23205776722899316,-2.9878828525543213,3.8490679264068604,3.8490679264068604,0.0,0,0.0,0.0919515397837559,0.3909348215642957,3.5015653187770384,0.0,0.0,0.0,1.0,,0
INT4,blk.10.attn_output.bias,auxiliary,F32,768,768,0.0020241077569759605,0.11990629248324088,0.23206659463075985,0.23205776722899316,-2.9878828525543213,3.8490679264068604,3.8490679264068604,0.0,0,0.0,0.0919515397837559,0.3909348215642957,3.5015653187770384,0.0,0.0,0.0,1.0,,0
INT8,blk.10.attn_output.bias,auxiliary,F32,768,768,0.0020241077569759605,0.11990629248324088,0.23206659463075985,0.23205776722899316,-2.9878828525543213,3.8490679264068604,3.8490679264068604,0.0,0,0.0,0.0919515397837559,0.3909348215642957,3.5015653187770384,0.0,0.0,0.0,1.0,,0
FP16,blk.10.attn_output.weight,B10,float16,768x768,589824,-9.805005700198105e-07,0.11128865866440821,0.146627398741817,0.14662739873853867,-4.07421875,4.2109375,4.2109375,0.0,0,0.0,0.090217694591522,0.39902079564460746,0.6815242136460253,0.0,0.0,0.0,1.0,,0
INT4,blk.10.attn_output.weight,B10,Q4_HP1,768x768,589824,-4.574987623426649e-05,0.1103404098086887,0.1477252466533198,0.14772523956904923,-4.0,4.0,4.0,0.16884867350260416,99591,0.16884867350260416,0.09043046252320282,0.40962408276148826,0.7243749243872457,0.01864555708704169,0.495361328125,0.1271628443731241,0.9920027139009345,17.912795327360353,0
INT8,blk.10.attn_output.weight,B10,Q8_HP1,768x768,589824,1.5132957034640842e-06,0.111321402920617,0.14667801188715096,0.14667801187934454,-4.0625,4.1875,4.1875,0.010489569769965278,6187,0.010489569769965278,0.09063990293729222,0.39961318674107266,0.6787265367328413,0.0011611976458233,0.03125,0.007919376977204299,0.9999687121094867,42.02617966620298,0
FP16,blk.10.attn_norm.bias,auxiliary,float32,768,768,0.018612799274914476,0.026555576555855016,0.05808818000498415,0.05502545192402497,-0.6527619361877441,1.0895053148269653,1.0895053148269653,0.0,0,0.0,0.01893137589001788,0.18007460772896847,1.0410215976841062,0.0,0.0,0.0,1.0,,0
INT4,blk.10.attn_norm.bias,auxiliary,F32,768,768,0.018612799274914476,0.026555576555855016,0.05808818000498415,0.05502545192402497,-0.6527619361877441,1.0895053148269653,1.0895053148269653,0.0,0,0.0,0.01893137589001788,0.18007460772896847,1.0410215976841062,0.0,0.0,0.0,1.0,,0
INT8,blk.10.attn_norm.bias,auxiliary,F32,768,768,0.018612799274914476,0.026555576555855016,0.05808818000498415,0.05502545192402497,-0.6527619361877441,1.0895053148269653,1.0895053148269653,0.0,0,0.0,0.01893137589001788,0.18007460772896847,1.0410215976841062,0.0,0.0,0.0,1.0,,0
FP16,blk.10.attn_norm.weight,auxiliary,float32,768,768,0.378207812832746,0.378207812832746,0.3822820412098361,0.0556633572813337,0.0750628262758255,0.9213718175888062,0.9213718175888062,0.0,0,0.0,0.3770252858609128,0.5703818579342109,0.9356234978313978,0.0,0.0,0.0,1.0,,0
INT4,blk.10.attn_norm.weight,auxiliary,F32,768,768,0.378207812832746,0.378207812832746,0.3822820412098361,0.0556633572813337,0.0750628262758255,0.9213718175888062,0.9213718175888062,0.0,0,0.0,0.3770252858609128,0.5703818579342109,0.9356234978313978,0.0,0.0,0.0,1.0,,0
INT8,blk.10.attn_norm.weight,auxiliary,F32,768,768,0.378207812832746,0.378207812832746,0.3822820412098361,0.0556633572813337,0.0750628262758255,0.9213718175888062,0.9213718175888062,0.0,0,0.0,0.3770252858609128,0.5703818579342109,0.9356234978313978,0.0,0.0,0.0,1.0,,0
FP16,blk.10.ffn_norm.bias,auxiliary,float32,768,768,0.021159045917027147,0.02835227226122002,0.04958639172712898,0.044845345582316815,-0.6005101799964905,0.691361665725708,0.691361665725708,0.0,0,0.0,0.022753834825278266,0.1285142283320076,0.6615857199540583,0.0,0.0,0.0,1.0,,0
INT4,blk.10.ffn_norm.bias,auxiliary,F32,768,768,0.021159045917027147,0.02835227226122002,0.04958639172712898,0.044845345582316815,-0.6005101799964905,0.691361665725708,0.691361665725708,0.0,0,0.0,0.022753834825278266,0.1285142283320076,0.6615857199540583,0.0,0.0,0.0,1.0,,0
INT8,blk.10.ffn_norm.bias,auxiliary,F32,768,768,0.021159045917027147,0.02835227226122002,0.04958639172712898,0.044845345582316815,-0.6005101799964905,0.691361665725708,0.691361665725708,0.0,0,0.0,0.022753834825278266,0.1285142283320076,0.6615857199540583,0.0,0.0,0.0,1.0,,0
FP16,blk.10.ffn_norm.weight,auxiliary,float32,768,768,0.2896941538977747,0.2896941538977747,0.294174158467381,0.05114423435192094,0.020089950412511826,1.0950567722320557,1.0950567722320557,0.0,0,0.0,0.2814747675667777,0.471719125447679,1.0410215976841062,0.0,0.0,0.0,1.0,,0
INT4,blk.10.ffn_norm.weight,auxiliary,F32,768,768,0.2896941538977747,0.2896941538977747,0.294174158467381,0.05114423435192094,0.020089950412511826,1.0950567722320557,1.0950567722320557,0.0,0,0.0,0.2814747675667777,0.471719125447679,1.0410215976841062,0.0,0.0,0.0,1.0,,0
INT8,blk.10.ffn_norm.weight,auxiliary,F32,768,768,0.2896941538977747,0.2896941538977747,0.294174158467381,0.05114423435192094,0.020089950412511826,1.0950567722320557,1.0950567722320557,0.0,0,0.0,0.2814747675667777,0.471719125447679,1.0410215976841062,0.0,0.0,0.0,1.0,,0
FP16,blk.10.ffn_up.bias,auxiliary,float32,3072,3072,-0.07652498368155729,0.09458208904839083,0.11906307862259921,0.09121372464508087,-1.072832703590393,0.7247328758239746,1.072832703590393,0.0,0,0.0,0.08194757514780344,0.3234836512521551,0.6983392662336848,0.0,0.0,0.0,1.0,,0
INT4,blk.10.ffn_up.bias,auxiliary,F32,3072,3072,-0.07652498368155729,0.09458208904839083,0.11906307862259921,0.09121372464508087,-1.072832703590393,0.7247328758239746,1.072832703590393,0.0,0,0.0,0.08194757514780344,0.3234836512521551,0.6983392662336848,0.0,0.0,0.0,1.0,,0
INT8,blk.10.ffn_up.bias,auxiliary,F32,3072,3072,-0.07652498368155729,0.09458208904839083,0.11906307862259921,0.09121372464508087,-1.072832703590393,0.7247328758239746,1.072832703590393,0.0,0,0.0,0.08194757514780344,0.3234836512521551,0.6983392662336848,0.0,0.0,0.0,1.0,,0
FP16,blk.10.ffn_up.weight,B10,float16,3072x768,2359296,-0.003208072968441734,0.10126419707118355,0.12768839899111065,0.12764809244458852,-2.552734375,2.1328125,2.552734375,4.238552517361111e-07,0,0.0,0.08481874573188454,0.3400345484276314,0.45544468635907304,0.0,0.0,0.0,1.0,,0
INT4,blk.10.ffn_up.weight,B10,Q4_HP1,3072x768,2359296,-0.0032540294859144422,0.10031243165334065,0.1286397693790452,0.1285986063610284,-2.5,2.0,2.5,0.17463175455729166,412007,0.17463133070203993,0.07333088245751339,0.3489276757465967,0.4742614240828043,0.016803510890365046,0.248046875,0.1315977882339559,0.9914326009565474,17.615028197094794,0
INT8,blk.10.ffn_up.weight,B10,Q8_HP1,3072x768,2359296,-0.003209311929013994,0.1012961756851938,0.1277367376238391,0.12769641520310507,-2.5625,2.125,2.5625,0.010994805230034722,25939,0.010994381374782987,0.08461683349196203,0.33950195829104485,0.456314687855152,0.0010493852471445246,0.01556396484375,0.008218328802271068,0.9999663139448245,41.704329745894285,0
FP16,blk.10.ffn_down.bias,auxiliary,float32,768,768,0.0016591998301199358,0.14694657041004197,0.19392122957311073,0.19391413134444546,-1.076764702796936,1.3404064178466797,1.3404064178466797,0.0,0,0.0,0.12109126185644697,0.5418629834223888,1.2379902908374394,0.0,0.0,0.0,1.0,,0
INT4,blk.10.ffn_down.bias,auxiliary,F32,768,768,0.0016591998301199358,0.14694657041004197,0.19392122957311073,0.19391413134444546,-1.076764702796936,1.3404064178466797,1.3404064178466797,0.0,0,0.0,0.12109126185644697,0.5418629834223888,1.2379902908374394,0.0,0.0,0.0,1.0,,0
INT8,blk.10.ffn_down.bias,auxiliary,F32,768,768,0.0016591998301199358,0.14694657041004197,0.19392122957311073,0.19391413134444546,-1.076764702796936,1.3404064178466797,1.3404064178466797,0.0,0,0.0,0.12109126185644697,0.5418629834223888,1.2379902908374394,0.0,0.0,0.0,1.0,,0
FP16,blk.10.ffn_down.weight,B10,float16,768x3072,2359296,6.094668176754365e-06,0.13795696234200883,0.1781452899081873,0.17814528980393254,-11.046875,9.3046875,11.046875,0.0,0,0.0,0.11289397293986794,0.4899334575253474,0.7465435804351945,0.0,0.0,0.0,1.0,,0
INT4,blk.10.ffn_down.weight,B10,Q4_HP1,768x3072,2359296,-9.369187884860569e-05,0.13654371764924791,0.1794367739275645,0.17943674946722515,-12.0,10.0,12.0,0.17699729071723092,417589,0.17699729071723092,0.13353424120272206,0.5268344889077685,0.7741203076025691,0.023969632849349103,0.953125,0.13455103338237345,0.9910392500857516,17.422259248151086,0
INT8,blk.10.ffn_down.weight,B10,Q8_HP1,768x3072,2359296,6.1336904764175415e-06,0.13799865937067402,0.17820813791119952,0.17820813780564274,-11.0,9.25,11.0,0.011249118381076388,26540,0.011249118381076388,0.11465462240321415,0.49084648852494867,0.7474504834260192,0.0015061271296139414,0.0601806640625,0.008454487516286122,0.9999643356331176,41.45825425593051,0
FP16,blk.11.attn_qkv.bias,auxiliary,float32,2304,2304,0.0007318570546585887,0.08059548632119452,0.12101523108800191,0.12101301806224837,-0.8045961260795593,0.5992095470428467,0.8045961260795593,0.0,0,0.0,0.04974625418575903,0.4373690617441201,0.6978553820610807,0.0,0.0,0.0,1.0,,0
INT4,blk.11.attn_qkv.bias,auxiliary,F32,2304,2304,0.0007318570546585887,0.08059548632119452,0.12101523108800191,0.12101301806224837,-0.8045961260795593,0.5992095470428467,0.8045961260795593,0.0,0,0.0,0.04974625418575903,0.4373690617441201,0.6978553820610807,0.0,0.0,0.0,1.0,,0
INT8,blk.11.attn_qkv.bias,auxiliary,F32,2304,2304,0.0007318570546585887,0.08059548632119452,0.12101523108800191,0.12101301806224837,-0.8045961260795593,0.5992095470428467,0.8045961260795593,0.0,0,0.0,0.04974625418575903,0.4373690617441201,0.6978553820610807,0.0,0.0,0.0,1.0,,0
FP16,blk.11.attn_qkv.weight,B11,float16,2304x768,1769472,5.400386881201821e-05,0.0992948665143895,0.1284746854694897,0.12847467411932387,-2.263671875,2.306640625,2.306640625,0.0,0,0.0,0.08041374340163072,0.36930600327815,0.5299097149022605,0.0,0.0,0.0,1.0,,0
INT4,blk.11.attn_qkv.weight,B11,Q4_HP1,2304x768,1769472,-2.8936951248734085e-05,0.09833292607907895,0.1293429113784167,0.12934290814148955,-2.5,2.5,2.5,0.1735523365162037,307096,0.1735523365162037,0.07293584286698386,0.3849433583878124,0.5619057826398691,0.016762800738437365,0.247314453125,0.13047551490148004,0.9915678887839605,17.689419611859655,0
INT8,blk.11.attn_qkv.weight,B11,Q8_HP1,2304x768,1769472,5.309062975424307e-05,0.09932562764044162,0.1285210295152992,0.1285210185497199,-2.25,2.3125,2.3125,0.011108963577835649,19657,0.011108963577835649,0.07959171623827523,0.3695046962768157,0.5301038030575331,0.0010489237513335561,0.015472412109375,0.008164439146127784,0.9999667480228425,41.76147287282146,0
FP16,blk.11.attn_output.bias,auxiliary,float32,768,768,-0.021505360526778834,0.17446907129400793,0.46913502143255603,0.4686418545148716,-5.3728837966918945,3.6359262466430664,5.3728837966918945,0.0,0,0.0,0.11499393116093493,1.0570180405613687,5.471741215609957,0.0,0.0,0.0,1.0,,0
INT4,blk.11.attn_output.bias,auxiliary,F32,768,768,-0.021505360526778834,0.17446907129400793,0.46913502143255603,0.4686418545148716,-5.3728837966918945,3.6359262466430664,5.3728837966918945,0.0,0,0.0,0.11499393116093493,1.0570180405613687,5.471741215609957,0.0,0.0,0.0,1.0,,0
INT8,blk.11.attn_output.bias,auxiliary,F32,768,768,-0.021505360526778834,0.17446907129400793,0.46913502143255603,0.4686418545148716,-5.3728837966918945,3.6359262466430664,5.3728837966918945,0.0,0,0.0,0.11499393116093493,1.0570180405613687,5.471741215609957,0.0,0.0,0.0,1.0,,0
FP16,blk.11.attn_output.weight,B11,float16,768x768,589824,-5.366543306687769e-05,0.12025639917768179,0.18192561598340937,0.18192560806814478,-8.8828125,8.703125,8.8828125,0.0,0,0.0,0.09254291892188757,0.46872103684770944,1.4754266823362066,0.0,0.0,0.0,1.0,,0
INT4,blk.11.attn_output.weight,B11,Q4_HP1,768x768,589824,-9.473164876302083e-05,0.11927959654066297,0.1826333363510508,0.1826333117824642,-8.0,8.0,8.0,0.1698031955295139,100154,0.1698031955295139,0.09917258776561139,0.4993650521480988,1.5301063191986386,0.021859851698848666,0.99609375,0.12015818432541224,0.9928165169778713,18.404932855701606,0
INT8,blk.11.attn_output.weight,B11,Q8_HP1,768x768,589824,-5.447036690182156e-05,0.12029387056827545,0.1819883261039532,0.18198831795227394,-8.875,8.75,8.875,0.010613335503472222,6260,0.010613335503472222,0.09307426118292232,0.4701470622275098,1.4747802486166175,0.001373267293126444,0.0625,0.00754850978903201,0.9999715792064148,42.44277554828922,0
FP16,blk.11.attn_norm.bias,auxiliary,float32,768,768,0.023284195339937714,0.03215131928666182,0.061299510668810356,0.056705169566867684,-0.3303574323654175,1.0039067268371582,1.0039067268371582,0.0,0,0.0,0.023658211901728676,0.19456624329358135,1.0410215976841062,0.0,0.0,0.0,1.0,,0
INT4,blk.11.attn_norm.bias,auxiliary,F32,768,768,0.023284195339937714,0.03215131928666182,0.061299510668810356,0.056705169566867684,-0.3303574323654175,1.0039067268371582,1.0039067268371582,0.0,0,0.0,0.023658211901728676,0.19456624329358135,1.0410215976841062,0.0,0.0,0.0,1.0,,0
INT8,blk.11.attn_norm.bias,auxiliary,F32,768,768,0.023284195339937714,0.03215131928666182,0.061299510668810356,0.056705169566867684,-0.3303574323654175,1.0039067268371582,1.0039067268371582,0.0,0,0.0,0.023658211901728676,0.19456624329358135,1.0410215976841062,0.0,0.0,0.0,1.0,,0
FP16,blk.11.attn_norm.weight,auxiliary,float32,768,768,0.47869312509040657,0.47869312509040657,0.4831026715584217,0.06512359985492687,0.10614457726478577,0.957659900188446,0.957659900188446,0.0,0,0.0,0.47064575004103093,0.6995235071772937,0.9566081580918727,0.0,0.0,0.0,1.0,,0
INT4,blk.11.attn_norm.weight,auxiliary,F32,768,768,0.47869312509040657,0.47869312509040657,0.4831026715584217,0.06512359985492687,0.10614457726478577,0.957659900188446,0.957659900188446,0.0,0,0.0,0.47064575004103093,0.6995235071772937,0.9566081580918727,0.0,0.0,0.0,1.0,,0
INT8,blk.11.attn_norm.weight,auxiliary,F32,768,768,0.47869312509040657,0.47869312509040657,0.4831026715584217,0.06512359985492687,0.10614457726478577,0.957659900188446,0.957659900188446,0.0,0,0.0,0.47064575004103093,0.6995235071772937,0.9566081580918727,0.0,0.0,0.0,1.0,,0
FP16,blk.11.ffn_norm.bias,auxiliary,float32,768,768,0.009192791589839544,0.021824268018993582,0.04020272552322275,0.039137599853355354,-0.2093251496553421,0.4246585965156555,0.4246585965156555,0.0,0,0.0,0.015298268615811489,0.15283003471150772,0.4376956648471298,0.0,0.0,0.0,1.0,,0
INT4,blk.11.ffn_norm.bias,auxiliary,F32,768,768,0.009192791589839544,0.021824268018993582,0.04020272552322275,0.039137599853355354,-0.2093251496553421,0.4246585965156555,0.4246585965156555,0.0,0,0.0,0.015298268615811489,0.15283003471150772,0.4376956648471298,0.0,0.0,0.0,1.0,,0
INT8,blk.11.ffn_norm.bias,auxiliary,F32,768,768,0.009192791589839544,0.021824268018993582,0.04020272552322275,0.039137599853355354,-0.2093251496553421,0.4246585965156555,0.4246585965156555,0.0,0,0.0,0.015298268615811489,0.15283003471150772,0.4376956648471298,0.0,0.0,0.0,1.0,,0
FP16,blk.11.ffn_norm.weight,auxiliary,float32,768,768,0.5041061308632683,0.5041061308632683,0.5120687509581273,0.08995229032038077,0.02784746140241623,1.2330145835876465,1.2330145835876465,0.0,0,0.0,0.4909293153894446,0.8343164908431483,1.2379902908374394,0.0,0.0,0.0,1.0,,0
INT4,blk.11.ffn_norm.weight,auxiliary,F32,768,768,0.5041061308632683,0.5041061308632683,0.5120687509581273,0.08995229032038077,0.02784746140241623,1.2330145835876465,1.2330145835876465,0.0,0,0.0,0.4909293153894446,0.8343164908431483,1.2379902908374394,0.0,0.0,0.0,1.0,,0
INT8,blk.11.ffn_norm.weight,auxiliary,F32,768,768,0.5041061308632683,0.5041061308632683,0.5120687509581273,0.08995229032038077,0.02784746140241623,1.2330145835876465,1.2330145835876465,0.0,0,0.0,0.4909293153894446,0.8343164908431483,1.2379902908374394,0.0,0.0,0.0,1.0,,0
FP16,blk.11.ffn_up.bias,auxiliary,float32,3072,3072,-0.06411424670336885,0.08857118720438943,0.11297969917267167,0.09302567277266499,-1.2082171440124512,0.5148451328277588,1.2082171440124512,0.0,0,0.0,0.07646318421524595,0.2949790112291046,0.49875389044876267,0.0,0.0,0.0,1.0,,0
INT4,blk.11.ffn_up.bias,auxiliary,F32,3072,3072,-0.06411424670336885,0.08857118720438943,0.11297969917267167,0.09302567277266499,-1.2082171440124512,0.5148451328277588,1.2082171440124512,0.0,0,0.0,0.07646318421524595,0.2949790112291046,0.49875389044876267,0.0,0.0,0.0,1.0,,0
INT8,blk.11.ffn_up.bias,auxiliary,F32,3072,3072,-0.06411424670336885,0.08857118720438943,0.11297969917267167,0.09302567277266499,-1.2082171440124512,0.5148451328277588,1.2082171440124512,0.0,0,0.0,0.07646318421524595,0.2949790112291046,0.49875389044876267,0.0,0.0,0.0,1.0,,0
FP16,blk.11.ffn_up.weight,B11,float16,3072x768,2359296,-0.0018464073874990088,0.10254927172774034,0.13001755670825726,0.13000444543224007,-1.96484375,1.6923828125,1.96484375,0.0,0,0.0,0.0855356102579508,0.3455388404031527,0.48517178046160403,0.0,0.0,0.0,1.0,,0
INT4,blk.11.ffn_up.weight,B11,Q4_HP1,3072x768,2359296,-0.0019073088963826497,0.10159205065833198,0.13102246870863324,0.131008585517433,-2.0,1.75,2.0,0.17672093709309897,416937,0.17672093709309897,0.07342297719738497,0.35316972576998923,0.511548157223363,0.017173434620857953,0.125,0.13208550487833684,0.9913732553237149,17.582896788777816,0
INT8,blk.11.ffn_up.weight,B11,Q8_HP1,3072x768,2359296,-0.001847059362464481,0.10258056968450546,0.1300664419378651,0.13005332633226865,-1.96875,1.6875,1.96875,0.011181725396050347,26381,0.011181725396050347,0.08546556442993597,0.3452655493973406,0.48595800203028827,0.0010720205254017062,0.0078125,0.008245198206632838,0.9999660917864303,41.675977997448626,0
FP16,blk.11.ffn_down.bias,auxiliary,float32,768,768,0.0009716266559773127,0.08559751186262095,0.10818079429709711,0.10817643087286727,-0.3835035562515259,0.4373476803302765,0.4373476803302765,0.0,0,0.0,0.07208697161995652,0.28234980803266285,0.4376956648471298,0.0,0.0,0.0,1.0,,0
INT4,blk.11.ffn_down.bias,auxiliary,F32,768,768,0.0009716266559773127,0.08559751186262095,0.10818079429709711,0.10817643087286727,-0.3835035562515259,0.4373476803302765,0.4373476803302765,0.0,0,0.0,0.07208697161995652,0.28234980803266285,0.4376956648471298,0.0,0.0,0.0,1.0,,0
INT8,blk.11.ffn_down.bias,auxiliary,F32,768,768,0.0009716266559773127,0.08559751186262095,0.10818079429709711,0.10817643087286727,-0.3835035562515259,0.4373476803302765,0.4373476803302765,0.0,0,0.0,0.07208697161995652,0.28234980803266285,0.4376956648471298,0.0,0.0,0.0,1.0,,0
FP16,blk.11.ffn_down.weight,B11,float16,768x3072,2359296,-0.00043535549485164264,0.1508557336314627,0.19821936580438332,0.19821888771124974,-9.2109375,9.1484375,9.2109375,0.0,0,0.0,0.12241685590461152,0.5516968970889495,0.9176381031256753,0.0,0.0,0.0,1.0,,0
INT4,blk.11.ffn_down.weight,B11,Q4_HP1,768x3072,2359296,-0.0005819135242038303,0.1490381293826633,0.19964469251754907,0.1996438444507545,-10.0,10.0,10.0,0.1850653754340278,436624,0.1850653754340278,0.1366263436700437,0.5802687581008242,0.9857136065871221,0.027889367164794558,0.94921875,0.1406995075966378,0.9901981586691541,17.0341484490929,0
INT8,blk.11.ffn_down.weight,B11,Q8_HP1,768x3072,2359296,-0.000438057714038425,0.1508990070886082,0.1982910341866869,0.19829055031509948,-9.25,9.125,9.25,0.011808183458116319,27859,0.011808183458116319,0.12515399389663398,0.5518095188205393,0.9209306118285031,0.0017951363473417406,0.0625,0.009056311627559672,0.999959071771062,40.86097283662965,0
FP16,blk.2.attn_qkv.bias,auxiliary,float32,2304,2304,-0.0038766713941631695,0.09550579549063107,0.16485449662852683,0.164808908975051,-1.462997555732727,1.1773569583892822,1.462997555732727,0.0,0,0.0,0.0448527876555175,0.6236847501821493,1.1029239631772605,0.0,0.0,0.0,1.0,,0
INT4,blk.2.attn_qkv.bias,auxiliary,F32,2304,2304,-0.0038766713941631695,0.09550579549063107,0.16485449662852683,0.164808908975051,-1.462997555732727,1.1773569583892822,1.462997555732727,0.0,0,0.0,0.0448527876555175,0.6236847501821493,1.1029239631772605,0.0,0.0,0.0,1.0,,0
INT8,blk.2.attn_qkv.bias,auxiliary,F32,2304,2304,-0.0038766713941631695,0.09550579549063107,0.16485449662852683,0.164808908975051,-1.462997555732727,1.1773569583892822,1.462997555732727,0.0,0,0.0,0.0448527876555175,0.6236847501821493,1.1029239631772605,0.0,0.0,0.0,1.0,,0
FP16,blk.2.attn_qkv.weight,B02,float16,2304x768,1769472,8.21275250389051e-05,0.1112791734788819,0.15266858585729093,0.1526685637671837,-1.677734375,1.576171875,1.677734375,5.651403356481481e-07,0,0.0,0.08216026283898142,0.48715120991175814,0.7348928304171232,0.0,0.0,0.0,1.0,,0
INT4,blk.2.attn_qkv.weight,B02,Q4_HP1,2304x768,1769472,8.71773119325991e-06,0.11005924145380656,0.15376361498180105,0.15376361473467226,-1.75,1.5,1.75,0.1861453586154514,329378,0.18614479347511573,0.07405315472008746,0.5331492688111235,0.7637155383549492,0.020241265119676527,0.125,0.1325830393070997,0.9912990005642808,17.55024059048911,0
INT8,blk.2.attn_qkv.weight,B02,Q8_HP1,2304x768,1769472,8.391533736829404e-05,0.11131252624370434,0.15272490822728027,0.15272488517346258,-1.671875,1.578125,1.671875,0.012294062861689815,21753,0.012293497721354166,0.08154340624692596,0.4889290415819991,0.7356462551368012,0.0012670570540690997,0.0078125,0.008299396021480797,0.9999656407393117,41.619070234604536,0
FP16,blk.2.attn_output.bias,auxiliary,float32,768,768,0.0033755906421977975,0.1129500998859309,0.14505656046453672,0.14501727870022282,-0.4775165915489197,0.5148640275001526,0.5148640275001526,0.0,0,0.0,0.0906037319290893,0.4013686943579763,0.5205107988420531,0.0,0.0,0.0,1.0,,0
INT4,blk.2.attn_output.bias,auxiliary,F32,768,768,0.0033755906421977975,0.1129500998859309,0.14505656046453672,0.14501727870022282,-0.4775165915489197,0.5148640275001526,0.5148640275001526,0.0,0,0.0,0.0906037319290893,0.4013686943579763,0.5205107988420531,0.0,0.0,0.0,1.0,,0
INT8,blk.2.attn_output.bias,auxiliary,F32,768,768,0.0033755906421977975,0.1129500998859309,0.14505656046453672,0.14501727870022282,-0.4775165915489197,0.5148640275001526,0.5148640275001526,0.0,0,0.0,0.0906037319290893,0.4013686943579763,0.5205107988420531,0.0,0.0,0.0,1.0,,0
FP16,blk.2.attn_output.weight,B02,float16,768x768,589824,-3.3010941276895916e-05,0.061074615242937905,0.08103525100506069,0.08103524428130605,-2.294921875,2.21875,2.294921875,0.0,0,0.0,0.049537245921052867,0.22535828318361245,0.44082464447643555,0.0,0.0,0.0,1.0,,0
INT4,blk.2.attn_output.weight,B02,Q4_HP1,768x768,589824,-6.915960046980117e-05,0.06055977443854014,0.08165534943636285,0.08165532014831725,-2.5,2.0,2.5,0.17142740885416666,101112,0.17142740885416666,0.06374569725873053,0.24176796011804377,0.5035915632979927,0.010582603537791323,0.248046875,0.13059259281038613,0.9915665995965055,17.68162910942794,0
INT8,blk.2.attn_output.weight,B02,Q8_HP1,768x768,589824,-3.34638688299391e-05,0.061094191753202014,0.081063430801289,0.08106342389416359,-2.28125,2.21875,2.28125,0.0108795166015625,6417,0.0108795166015625,0.05012212679292324,0.22640693894615468,0.4435357109823408,0.0006598212248579074,0.015625,0.008142397495834267,0.9999669226481925,41.78495400073003,0
FP16,blk.2.attn_norm.bias,auxiliary,float32,768,768,-0.00036007832087392444,0.015341734126022763,0.07051412821264393,0.07051320884197529,-0.5624863505363464,1.093587875366211,1.093587875366211,0.0,0,0.0,0.004733991159575888,0.30566006942301543,1.0410215976841062,0.0,0.0,0.0,1.0,,0
INT4,blk.2.attn_norm.bias,auxiliary,F32,768,768,-0.00036007832087392444,0.015341734126022763,0.07051412821264393,0.07051320884197529,-0.5624863505363464,1.093587875366211,1.093587875366211,0.0,0,0.0,0.004733991159575888,0.30566006942301543,1.0410215976841062,0.0,0.0,0.0,1.0,,0
INT8,blk.2.attn_norm.bias,auxiliary,F32,768,768,-0.00036007832087392444,0.015341734126022763,0.07051412821264393,0.07051320884197529,-0.5624863505363464,1.093587875366211,1.093587875366211,0.0,0,0.0,0.004733991159575888,0.30566006942301543,1.0410215976841062,0.0,0.0,0.0,1.0,,0
FP16,blk.2.attn_norm.weight,auxiliary,float32,768,768,0.24077003984712064,0.24077003984712064,0.25224751992509714,0.0752236613066541,0.04598604887723923,0.9443219900131226,0.9443219900131226,0.0,0,0.0,0.2316350332843155,0.7394089668831672,0.8753913296942596,0.0,0.0,0.0,1.0,,0
INT4,blk.2.attn_norm.weight,auxiliary,F32,768,768,0.24077003984712064,0.24077003984712064,0.25224751992509714,0.0752236613066541,0.04598604887723923,0.9443219900131226,0.9443219900131226,0.0,0,0.0,0.2316350332843155,0.7394089668831672,0.8753913296942596,0.0,0.0,0.0,1.0,,0
INT8,blk.2.attn_norm.weight,auxiliary,F32,768,768,0.24077003984712064,0.24077003984712064,0.25224751992509714,0.0752236613066541,0.04598604887723923,0.9443219900131226,0.9443219900131226,0.0,0,0.0,0.2316350332843155,0.7394089668831672,0.8753913296942596,0.0,0.0,0.0,1.0,,0
FP16,blk.2.ffn_norm.bias,auxiliary,float32,768,768,0.006347864613337843,0.023945989439787024,0.044360788353394,0.04390426127593255,-0.6469866633415222,0.3699965178966522,0.6469866633415222,0.0,0,0.0,0.01586222684297419,0.15283003471150772,0.6189951454187197,0.0,0.0,0.0,1.0,,0
INT4,blk.2.ffn_norm.bias,auxiliary,F32,768,768,0.006347864613337843,0.023945989439787024,0.044360788353394,0.04390426127593255,-0.6469866633415222,0.3699965178966522,0.6469866633415222,0.0,0,0.0,0.01586222684297419,0.15283003471150772,0.6189951454187197,0.0,0.0,0.0,1.0,,0
INT8,blk.2.ffn_norm.bias,auxiliary,F32,768,768,0.006347864613337843,0.023945989439787024,0.044360788353394,0.04390426127593255,-0.6469866633415222,0.3699965178966522,0.6469866633415222,0.0,0,0.0,0.01586222684297419,0.15283003471150772,0.6189951454187197,0.0,0.0,0.0,1.0,,0
FP16,blk.2.ffn_norm.weight,auxiliary,float32,768,768,0.29258746864798013,0.29258746864798013,0.2960851406682423,0.04537602577022465,0.04211447015404701,0.729613184928894,0.729613184928894,0.0,0,0.0,0.295767884540366,0.400861695139834,0.7361134310840854,0.0,0.0,0.0,1.0,,0
INT4,blk.2.ffn_norm.weight,auxiliary,F32,768,768,0.29258746864798013,0.29258746864798013,0.2960851406682423,0.04537602577022465,0.04211447015404701,0.729613184928894,0.729613184928894,0.0,0,0.0,0.295767884540366,0.400861695139834,0.7361134310840854,0.0,0.0,0.0,1.0,,0
INT8,blk.2.ffn_norm.weight,auxiliary,F32,768,768,0.29258746864798013,0.29258746864798013,0.2960851406682423,0.04537602577022465,0.04211447015404701,0.729613184928894,0.729613184928894,0.0,0,0.0,0.295767884540366,0.400861695139834,0.7361134310840854,0.0,0.0,0.0,1.0,,0
FP16,blk.2.ffn_up.bias,auxiliary,float32,3072,3072,-0.09282235955908646,0.10937313919861207,0.14138934358482227,0.10665343897517132,-0.6598304510116577,1.7314809560775757,1.7314809560775757,0.0,0,0.0,0.09571340906341522,0.32722011302990933,0.6983392662336848,0.0,0.0,0.0,1.0,,0
INT4,blk.2.ffn_up.bias,auxiliary,F32,3072,3072,-0.09282235955908646,0.10937313919861207,0.14138934358482227,0.10665343897517132,-0.6598304510116577,1.7314809560775757,1.7314809560775757,0.0,0,0.0,0.09571340906341522,0.32722011302990933,0.6983392662336848,0.0,0.0,0.0,1.0,,0
INT8,blk.2.ffn_up.bias,auxiliary,F32,3072,3072,-0.09282235955908646,0.10937313919861207,0.14138934358482227,0.10665343897517132,-0.6598304510116577,1.7314809560775757,1.7314809560775757,0.0,0,0.0,0.09571340906341522,0.32722011302990933,0.6983392662336848,0.0,0.0,0.0,1.0,,0
FP16,blk.2.ffn_up.weight,B02,float16,3072x768,2359296,-0.005061228655045448,0.10284999511991878,0.1336227191656621,0.13352683266567342,-5.875,10.5546875,10.5546875,4.238552517361111e-07,0,0.0,0.08352483011981185,0.36533013756194044,0.5123921979441576,0.0,0.0,0.0,1.0,,0
INT4,blk.2.ffn_up.weight,B02,Q4_HP1,3072x768,2359296,-0.005096428924136692,0.10192779037687513,0.13460822942298822,0.13451171636929274,-6.0,10.0,10.0,0.17222213745117188,406322,0.17222171359592015,0.07331069661597384,0.3805296889111924,0.5522301878258985,0.0174102030478837,0.984375,0.13029373415383777,0.9916009150254836,17.70152938150328,0
INT8,blk.2.ffn_up.weight,B02,Q8_HP1,3072x768,2359296,-0.005064062774181366,0.10288110375404358,0.13366919436895466,0.13357323381375674,-5.875,10.5,10.5,0.010871463351779513,25648,0.010871039496527778,0.08310508460512511,0.36563841585419127,0.5135224932453137,0.001087171033694991,0.0625,0.008136124159748192,0.9999669737142721,41.79164865135697,0
FP16,blk.2.ffn_down.bias,auxiliary,float32,768,768,0.002819356491158942,0.0794144227598963,0.11239128693044081,0.11235591932273277,-0.4527800381183624,1.5676597356796265,1.5676597356796265,0.0,0,0.0,0.06526711140171336,0.2467135897244459,1.472226862168171,0.0,0.0,0.0,1.0,,0
INT4,blk.2.ffn_down.bias,auxiliary,F32,768,768,0.002819356491158942,0.0794144227598963,0.11239128693044081,0.11235591932273277,-0.4527800381183624,1.5676597356796265,1.5676597356796265,0.0,0,0.0,0.06526711140171336,0.2467135897244459,1.472226862168171,0.0,0.0,0.0,1.0,,0
INT8,blk.2.ffn_down.bias,auxiliary,F32,768,768,0.002819356491158942,0.0794144227598963,0.11239128693044081,0.11235591932273277,-0.4527800381183624,1.5676597356796265,1.5676597356796265,0.0,0,0.0,0.06526711140171336,0.2467135897244459,1.472226862168171,0.0,0.0,0.0,1.0,,0
FP16,blk.2.ffn_down.weight,B02,float16,768x3072,2359296,0.0001971501759877962,0.06946746708331375,0.09308771712675332,0.09308750835465815,-2.873046875,15.0703125,15.0703125,0.0,0,0.0,0.05646502815507465,0.2494354062085655,0.41819036071252824,0.0,0.0,0.0,1.0,,0
INT4,blk.2.ffn_down.weight,B02,Q4_HP1,768x3072,2359296,0.0001476560201909807,0.06867740841375457,0.09362273057916763,0.09362261414209236,-3.0,14.0,14.0,0.18383153279622397,433713,0.18383153279622397,0.06681183600008725,0.2709611196443425,0.45287628172303634,0.013000750686109269,1.0703125,0.1396612903118758,0.9903195160942594,17.098478997763287,0
INT8,blk.2.ffn_down.weight,B02,Q8_HP1,768x3072,2359296,0.0001972057313347856,0.06948858195553637,0.09312631612102423,0.09312610731783255,-2.875,15.125,15.125,0.012219746907552084,28830,0.012219746907552084,0.05737067796101557,0.24991170273785643,0.41920935009769394,0.0008406325408774142,0.0615234375,0.009030542018049094,0.9999593274884413,40.88572364625836,0
FP16,blk.3.attn_qkv.bias,auxiliary,float32,2304,2304,-0.0008885694618025278,0.08672849549933738,0.14174093700004334,0.14173815176571836,-0.6687663793563843,0.7118170261383057,0.7118170261383057,0.0,0,0.0,0.04187049900194075,0.5317900065988154,0.6682686033148474,0.0,0.0,0.0,1.0,,0
INT4,blk.3.attn_qkv.bias,auxiliary,F32,2304,2304,-0.0008885694618025278,0.08672849549933738,0.14174093700004334,0.14173815176571836,-0.6687663793563843,0.7118170261383057,0.7118170261383057,0.0,0,0.0,0.04187049900194075,0.5317900065988154,0.6682686033148474,0.0,0.0,0.0,1.0,,0
INT8,blk.3.attn_qkv.bias,auxiliary,F32,2304,2304,-0.0008885694618025278,0.08672849549933738,0.14174093700004334,0.14173815176571836,-0.6687663793563843,0.7118170261383057,0.7118170261383057,0.0,0,0.0,0.04187049900194075,0.5317900065988154,0.6682686033148474,0.0,0.0,0.0,1.0,,0
FP16,blk.3.attn_qkv.weight,B03,float16,2304x768,1769472,-2.448546288010052e-05,0.10865448508239853,0.1418074388106775,0.14180743669676196,-1.7158203125,1.896484375,1.896484375,0.0,0,0.0,0.08586344698681231,0.4053453163276765,0.5685404075498764,0.0,0.0,0.0,1.0,,0
INT4,blk.3.attn_qkv.weight,B03,Q4_HP1,2304x768,1769472,-7.681493405942563e-05,0.1076871289147271,0.14279572136659358,0.14279570070583966,-1.75,1.75,1.75,0.17131664134837962,303140,0.17131664134837962,0.07412849092737914,0.41461606550925095,0.5903296578925529,0.018136097524718103,0.146484375,0.12789242706040982,0.9919024814546636,17.863103415860365,0
INT8,blk.3.attn_qkv.weight,B03,Q8_HP1,2304x768,1769472,-2.4690120308487503e-05,0.10868728436805584,0.1418595363457979,0.14185953419718644,-1.71875,1.890625,1.890625,0.011216340241608795,19847,0.011216340241608795,0.08572050153240314,0.4058921381668552,0.5675681193456062,0.0011320573925670473,0.0078125,0.007983060705852111,0.9999682145331562,41.95661136393048,0
FP16,blk.3.attn_output.bias,auxiliary,float32,768,768,-0.001561288855877289,0.07953143998416105,0.10785140545631706,0.10784010402448346,-1.0272231101989746,0.5181683301925659,1.0272231101989746,0.0,0,0.0,0.06339039918545794,0.28953670987576896,1.0410215976841062,0.0,0.0,0.0,1.0,,0
INT4,blk.3.attn_output.bias,auxiliary,F32,768,768,-0.001561288855877289,0.07953143998416105,0.10785140545631706,0.10784010402448346,-1.0272231101989746,0.5181683301925659,1.0272231101989746,0.0,0,0.0,0.06339039918545794,0.28953670987576896,1.0410215976841062,0.0,0.0,0.0,1.0,,0
INT8,blk.3.attn_output.bias,auxiliary,F32,768,768,-0.001561288855877289,0.07953143998416105,0.10785140545631706,0.10784010402448346,-1.0272231101989746,0.5181683301925659,1.0272231101989746,0.0,0,0.0,0.06339039918545794,0.28953670987576896,1.0410215976841062,0.0,0.0,0.0,1.0,,0
FP16,blk.3.attn_output.weight,B03,float16,768x768,589824,3.371610576626457e-05,0.06414996671699352,0.0841250471583184,0.08412504040185363,-2.09375,1.228515625,2.09375,0.0,0,0.0,0.051743689176170955,0.23920761809821706,0.38368196486332173,0.0,0.0,0.0,1.0,,0
INT4,blk.3.attn_output.weight,B03,Q4_HP1,768x768,589824,-1.3580752743615045e-05,0.06359441330035527,0.08470508868928306,0.08470508760058314,-2.0,1.25,2.0,0.16930643717447916,99861,0.16930643717447916,0.0647816441227543,0.2584422044153684,0.3965500578477262,0.010844616789941058,0.22607421875,0.12891067709634832,0.9917715243967617,17.794222209644065,0
INT8,blk.3.attn_output.weight,B03,Q8_HP1,768x768,589824,3.295753979020649e-05,0.06417120682696502,0.08415535431454862,0.08415534786101111,-2.09375,1.234375,2.09375,0.010791354709201388,6365,0.010791354709201388,0.05242856603190221,0.24001837873088988,0.38422963408663685,0.0006765252847765405,0.0155029296875,0.008041900808725369,0.9999677404324016,41.892825758432096,0
FP16,blk.3.attn_norm.bias,auxiliary,float32,768,768,0.005447506543385809,0.014213694062680323,0.07032373061141337,0.07011242229139146,-0.43354883790016174,1.7373355627059937,1.7373355627059937,0.0,0,0.0,0.006675761589256207,0.16042823719536242,1.7507826593885192,0.0,0.0,0.0,1.0,,0
INT4,blk.3.attn_norm.bias,auxiliary,F32,768,768,0.005447506543385809,0.014213694062680323,0.07032373061141337,0.07011242229139146,-0.43354883790016174,1.7373355627059937,1.7373355627059937,0.0,0,0.0,0.006675761589256207,0.16042823719536242,1.7507826593885192,0.0,0.0,0.0,1.0,,0
INT8,blk.3.attn_norm.bias,auxiliary,F32,768,768,0.005447506543385809,0.014213694062680323,0.07032373061141337,0.07011242229139146,-0.43354883790016174,1.7373355627059937,1.7373355627059937,0.0,0,0.0,0.006675761589256207,0.16042823719536242,1.7507826593885192,0.0,0.0,0.0,1.0,,0
FP16,blk.3.attn_norm.weight,auxiliary,float32,768,768,0.30109783371638815,0.30109783371638815,0.305810017414813,0.053477670878101125,0.056518279016017914,0.7676699757575989,0.7676699757575989,0.0,0,0.0,0.3070198229426445,0.41130367345319896,0.8044083709419144,0.0,0.0,0.0,1.0,,0
INT4,blk.3.attn_norm.weight,auxiliary,F32,768,768,0.30109783371638815,0.30109783371638815,0.305810017414813,0.053477670878101125,0.056518279016017914,0.7676699757575989,0.7676699757575989,0.0,0,0.0,0.3070198229426445,0.41130367345319896,0.8044083709419144,0.0,0.0,0.0,1.0,,0
INT8,blk.3.attn_norm.weight,auxiliary,F32,768,768,0.30109783371638815,0.30109783371638815,0.305810017414813,0.053477670878101125,0.056518279016017914,0.7676699757575989,0.7676699757575989,0.0,0,0.0,0.3070198229426445,0.41130367345319896,0.8044083709419144,0.0,0.0,0.0,1.0,,0
FP16,blk.3.ffn_norm.bias,auxiliary,float32,768,768,0.009965248194892714,0.026255086844344078,0.044673558327660824,0.04354791202881145,-0.43747565150260925,0.43489870429039,0.43747565150260925,0.0,0,0.0,0.0191362616396347,0.1321272550701711,0.4678117489156989,0.0,0.0,0.0,1.0,,0
INT4,blk.3.ffn_norm.bias,auxiliary,F32,768,768,0.009965248194892714,0.026255086844344078,0.044673558327660824,0.04354791202881145,-0.43747565150260925,0.43489870429039,0.43747565150260925,0.0,0,0.0,0.0191362616396347,0.1321272550701711,0.4678117489156989,0.0,0.0,0.0,1.0,,0
INT8,blk.3.ffn_norm.bias,auxiliary,F32,768,768,0.009965248194892714,0.026255086844344078,0.044673558327660824,0.04354791202881145,-0.43747565150260925,0.43489870429039,0.43747565150260925,0.0,0,0.0,0.0191362616396347,0.1321272550701711,0.4678117489156989,0.0,0.0,0.0,1.0,,0
FP16,blk.3.ffn_norm.weight,auxiliary,float32,768,768,0.3065077760935158,0.3065084420426653,0.31099164579613264,0.05261926405029244,-0.00025572447339072824,1.1604341268539429,1.1604341268539429,0.0,0,0.0,0.3145762113302881,0.3980747064710976,1.0410215976841062,0.0,0.0,0.0,1.0,,0
INT4,blk.3.ffn_norm.weight,auxiliary,F32,768,768,0.3065077760935158,0.3065084420426653,0.31099164579613264,0.05261926405029244,-0.00025572447339072824,1.1604341268539429,1.1604341268539429,0.0,0,0.0,0.3145762113302881,0.3980747064710976,1.0410215976841062,0.0,0.0,0.0,1.0,,0
INT8,blk.3.ffn_norm.weight,auxiliary,F32,768,768,0.3065077760935158,0.3065084420426653,0.31099164579613264,0.05261926405029244,-0.00025572447339072824,1.1604341268539429,1.1604341268539429,0.0,0,0.0,0.3145762113302881,0.3980747064710976,1.0410215976841062,0.0,0.0,0.0,1.0,,0
FP16,blk.3.ffn_up.bias,auxiliary,float32,3072,3072,-0.09253176920264157,0.10293117830023372,0.1260841101502375,0.08564504959778055,-1.2262284755706787,0.5167901515960693,1.2262284755706787,0.0,0,0.0,0.09366627286945645,0.2825673473182888,0.4968905466612724,0.0,0.0,0.0,1.0,,0
INT4,blk.3.ffn_up.bias,auxiliary,F32,3072,3072,-0.09253176920264157,0.10293117830023372,0.1260841101502375,0.08564504959778055,-1.2262284755706787,0.5167901515960693,1.2262284755706787,0.0,0,0.0,0.09366627286945645,0.2825673473182888,0.4968905466612724,0.0,0.0,0.0,1.0,,0
INT8,blk.3.ffn_up.bias,auxiliary,F32,3072,3072,-0.09253176920264157,0.10293117830023372,0.1260841101502375,0.08564504959778055,-1.2262284755706787,0.5167901515960693,1.2262284755706787,0.0,0,0.0,0.09366627286945645,0.2825673473182888,0.4968905466612724,0.0,0.0,0.0,1.0,,0
FP16,blk.3.ffn_up.weight,B03,float16,3072x768,2359296,-0.00595003684452422,0.10196841489174505,0.12966684364167072,0.12953025670298923,-2.64453125,2.28515625,2.64453125,4.238552517361111e-07,0,0.0,0.0841536088568269,0.35008464623529395,0.47847086479070056,0.0,0.0,0.0,1.0,,0
INT4,blk.3.ffn_up.weight,B03,Q4_HP1,3072x768,2359296,-0.00600865814420912,0.10107964277267456,0.13062014268504246,0.13048186733169817,-2.5,2.5,2.5,0.17144224378797743,404482,0.1714418199327257,0.0733607497424769,0.36345660467403396,0.49438851643930615,0.01668435423047268,0.2371826171875,0.12867093670128382,0.9918091387983696,17.81039074888031,0
INT8,blk.3.ffn_up.weight,B03,Q8_HP1,3072x768,2359296,-0.0059526074263784624,0.10199984080261654,0.12971482900588782,0.12957817458528323,-2.65625,2.28125,2.65625,0.010807037353515625,25496,0.010806613498263888,0.08382948126464926,0.35002046269951187,0.4790344873763994,0.0010423000576866646,0.0152587890625,0.008038292815756512,0.9999677733249527,41.896723550958754,0
FP16,blk.3.ffn_down.bias,auxiliary,float32,768,768,0.0021020255901665528,0.07540171150210047,0.11506311445496818,0.11504391247039276,-0.6661414504051208,1.8637499809265137,1.8637499809265137,0.0,0,0.0,0.06011536339862749,0.22845786255734987,1.7507826593885192,0.0,0.0,0.0,1.0,,0
INT4,blk.3.ffn_down.bias,auxiliary,F32,768,768,0.0021020255901665528,0.07540171150210047,0.11506311445496818,0.11504391247039276,-0.6661414504051208,1.8637499809265137,1.8637499809265137,0.0,0,0.0,0.06011536339862749,0.22845786255734987,1.7507826593885192,0.0,0.0,0.0,1.0,,0
INT8,blk.3.ffn_down.bias,auxiliary,F32,768,768,0.0021020255901665528,0.07540171150210047,0.11506311445496818,0.11504391247039276,-0.6661414504051208,1.8637499809265137,1.8637499809265137,0.0,0,0.0,0.06011536339862749,0.22845786255734987,1.7507826593885192,0.0,0.0,0.0,1.0,,0
FP16,blk.3.ffn_down.weight,B03,float16,768x3072,2359296,0.00017645828857995285,0.068758433067564,0.09180662419636772,0.09180645461407101,-4.140625,17.109375,17.109375,0.0,0,0.0,0.05597099485246547,0.24659469006192183,0.40126744383602103,0.0,0.0,0.0,1.0,,0
INT4,blk.3.ffn_down.weight,B03,Q4_HP1,768x3072,2359296,0.0001273269040717019,0.06802609542177783,0.09235181260657838,0.09235172483272887,-4.0,16.0,16.0,0.18004014756944445,424768,0.18004014756944445,0.06664116469528969,0.26568146740520865,0.4187839097525873,0.012726921287303976,1.2119140625,0.13862748356896354,0.9904654632561948,17.163013204140153,0
INT8,blk.3.ffn_down.weight,B03,Q8_HP1,768x3072,2359296,0.00017735090417166552,0.0687784873880446,0.09183151921900089,0.09183134796313576,-4.125,17.0,17.0,0.011548360188802084,27246,0.011548360188802084,0.05681818200126981,0.24705422286440434,0.40208122373761745,0.0008375266878864565,0.1229248046875,0.00912272611282436,0.9999584359710255,40.79750727105598,0
FP16,blk.4.attn_qkv.bias,auxiliary,float32,2304,2304,0.005201354186234747,0.10797516971518101,0.2395429632488063,0.23948648637584607,-2.61228084564209,2.745675563812256,2.745675563812256,0.0,0,0.0,0.04640141143352351,1.1134216182286871,2.4759805816748788,0.0,0.0,0.0,1.0,,0
INT4,blk.4.attn_qkv.bias,auxiliary,F32,2304,2304,0.005201354186234747,0.10797516971518101,0.2395429632488063,0.23948648637584607,-2.61228084564209,2.745675563812256,2.745675563812256,0.0,0,0.0,0.04640141143352351,1.1134216182286871,2.4759805816748788,0.0,0.0,0.0,1.0,,0
INT8,blk.4.attn_qkv.bias,auxiliary,F32,2304,2304,0.005201354186234747,0.10797516971518101,0.2395429632488063,0.23948648637584607,-2.61228084564209,2.745675563812256,2.745675563812256,0.0,0,0.0,0.04640141143352351,1.1134216182286871,2.4759805816748788,0.0,0.0,0.0,1.0,,0
FP16,blk.4.attn_qkv.weight,B04,float16,2304x768,1769472,0.00015206036277959356,0.11040089364464452,0.14643784983437733,0.1464377708849794,-3.333984375,3.099609375,3.333984375,5.651403356481481e-07,0,0.0,0.08669520189734184,0.43158426636652014,0.7032691517647136,0.0,0.0,0.0,1.0,,0
INT4,blk.4.attn_qkv.weight,B04,Q4_HP1,2304x768,1769472,9.556169863100406e-05,0.10937152085480867,0.14745601302441813,0.14745598205911867,-3.5,3.0,3.5,0.17238588686342593,305031,0.1723853217230903,0.07422716096331546,0.45093218692382886,0.7319955176567302,0.019011615700405476,0.2491455078125,0.12982719783107854,0.9916546447078015,17.732686330894573,0
INT8,blk.4.attn_qkv.weight,B04,Q8_HP1,2304x768,1769472,0.00015300512313842773,0.11043420875513996,0.1464899215818162,0.1464898416767489,-3.34375,3.09375,3.34375,0.011429963288483795,20224,0.011429398148148149,0.08668062534266949,0.433728783927472,0.7033539083998955,0.001186161652608667,0.015625,0.008100102903383434,0.9999672690271758,41.8301892765314,0
FP16,blk.4.attn_output.bias,auxiliary,float32,768,768,-0.0009013283711851727,0.07697064005721661,0.1004375253392654,0.10043348098837795,-0.6430042386054993,0.5158378481864929,0.6430042386054993,0.0,0,0.0,0.06288117253727071,0.2804858701326205,0.6189951454187197,0.0,0.0,0.0,1.0,,0
INT4,blk.4.attn_output.bias,auxiliary,F32,768,768,-0.0009013283711851727,0.07697064005721661,0.1004375253392654,0.10043348098837795,-0.6430042386054993,0.5158378481864929,0.6430042386054993,0.0,0,0.0,0.06288117253727071,0.2804858701326205,0.6189951454187197,0.0,0.0,0.0,1.0,,0
INT8,blk.4.attn_output.bias,auxiliary,F32,768,768,-0.0009013283711851727,0.07697064005721661,0.1004375253392654,0.10043348098837795,-0.6430042386054993,0.5158378481864929,0.6430042386054993,0.0,0,0.0,0.06288117253727071,0.2804858701326205,0.6189951454187197,0.0,0.0,0.0,1.0,,0
FP16,blk.4.attn_output.weight,B04,float16,768x768,589824,-1.1423926581402258e-05,0.07071731541883411,0.09297902858125734,0.09297902787945338,-1.8388671875,1.8359375,1.8388671875,0.0,0,0.0,0.05648669694280895,0.2663473483290797,0.4039223344942139,0.0,0.0,0.0,1.0,,0
INT4,blk.4.attn_output.weight,B04,Q4_HP1,768x768,589824,-4.723336961534288e-05,0.07008165783352321,0.09359173510386284,0.09359172318512159,-1.75,1.75,1.75,0.1677398681640625,98937,0.1677398681640625,0.06666789075443187,0.28485521067887304,0.4120066963126959,0.011949577548365429,0.125,0.12851906210143196,0.9918170609407936,17.82064904953441,0
INT8,blk.4.attn_output.weight,B04,Q8_HP1,768x768,589824,-1.0878520293368234e-05,0.07073891799276073,0.09301586233946454,0.09301586170332463,-1.84375,1.84375,1.84375,0.010679456922743056,6299,0.010679456922743056,0.05735152510494629,0.267079229813405,0.4047107183591004,0.0007458167898901486,0.0078125,0.008021344181267235,0.9999679201951231,41.9150569695001,0
FP16,blk.4.attn_norm.bias,auxiliary,float32,768,768,0.007916287763814958,0.01662818486139391,0.06791175625701408,0.06744878817260222,-0.5445656776428223,1.550781011581421,1.550781011581421,0.0,0,0.0,0.008390317826078684,0.2222106702916401,1.472226862168171,0.0,0.0,0.0,1.0,,0
INT4,blk.4.attn_norm.bias,auxiliary,F32,768,768,0.007916287763814958,0.01662818486139391,0.06791175625701408,0.06744878817260222,-0.5445656776428223,1.550781011581421,1.550781011581421,0.0,0,0.0,0.008390317826078684,0.2222106702916401,1.472226862168171,0.0,0.0,0.0,1.0,,0
INT8,blk.4.attn_norm.bias,auxiliary,F32,768,768,0.007916287763814958,0.01662818486139391,0.06791175625701408,0.06744878817260222,-0.5445656776428223,1.550781011581421,1.550781011581421,0.0,0,0.0,0.008390317826078684,0.2222106702916401,1.472226862168171,0.0,0.0,0.0,1.0,,0
FP16,blk.4.attn_norm.weight,auxiliary,float32,768,768,0.31934548142695957,0.31934548142695957,0.32283824782134163,0.04736029717534941,0.05797593668103218,0.6704616546630859,0.6704616546630859,0.0,0,0.0,0.32148597715498,0.4173776598409289,0.6839676519512446,0.0,0.0,0.0,1.0,,0
INT4,blk.4.attn_norm.weight,auxiliary,F32,768,768,0.31934548142695957,0.31934548142695957,0.32283824782134163,0.04736029717534941,0.05797593668103218,0.6704616546630859,0.6704616546630859,0.0,0,0.0,0.32148597715498,0.4173776598409289,0.6839676519512446,0.0,0.0,0.0,1.0,,0
INT8,blk.4.attn_norm.weight,auxiliary,F32,768,768,0.31934548142695957,0.31934548142695957,0.32283824782134163,0.04736029717534941,0.05797593668103218,0.6704616546630859,0.6704616546630859,0.0,0,0.0,0.32148597715498,0.4173776598409289,0.6839676519512446,0.0,0.0,0.0,1.0,,0
FP16,blk.4.ffn_norm.bias,auxiliary,float32,768,768,0.0009596581164667365,0.019176345181482663,0.026883621852313216,0.026866488051058558,-0.14209075272083282,0.14294086396694183,0.14294086396694183,0.0,0,0.0,0.014798231951134838,0.10628427000802425,0.14220065348406286,0.0,0.0,0.0,1.0,,0
INT4,blk.4.ffn_norm.bias,auxiliary,F32,768,768,0.0009596581164667365,0.019176345181482663,0.026883621852313216,0.026866488051058558,-0.14209075272083282,0.14294086396694183,0.14294086396694183,0.0,0,0.0,0.014798231951134838,0.10628427000802425,0.14220065348406286,0.0,0.0,0.0,1.0,,0
INT8,blk.4.ffn_norm.bias,auxiliary,F32,768,768,0.0009596581164667365,0.019176345181482663,0.026883621852313216,0.026866488051058558,-0.14209075272083282,0.14294086396694183,0.14294086396694183,0.0,0,0.0,0.014798231951134838,0.10628427000802425,0.14220065348406286,0.0,0.0,0.0,1.0,,0
FP16,blk.4.ffn_norm.weight,auxiliary,float32,768,768,0.27258183268713765,0.27258183268713765,0.27608928214231815,0.043868396400847026,0.07006779313087463,1.1321852207183838,1.1321852207183838,0.0,0,0.0,0.27198926591905404,0.34770415287216005,1.0410215976841062,0.0,0.0,0.0,1.0,,0
INT4,blk.4.ffn_norm.weight,auxiliary,F32,768,768,0.27258183268713765,0.27258183268713765,0.27608928214231815,0.043868396400847026,0.07006779313087463,1.1321852207183838,1.1321852207183838,0.0,0,0.0,0.27198926591905404,0.34770415287216005,1.0410215976841062,0.0,0.0,0.0,1.0,,0
INT8,blk.4.ffn_norm.weight,auxiliary,F32,768,768,0.27258183268713765,0.27258183268713765,0.27608928214231815,0.043868396400847026,0.07006779313087463,1.1321852207183838,1.1321852207183838,0.0,0,0.0,0.27198926591905404,0.34770415287216005,1.0410215976841062,0.0,0.0,0.0,1.0,,0
FP16,blk.4.ffn_up.bias,auxiliary,float32,3072,3072,-0.08612614237478293,0.09974164859076733,0.1268916784356024,0.0931868319873733,-0.4529609978199005,0.741710364818573,0.741710364818573,0.0,0,0.0,0.08063598225596268,0.3238569413650382,0.45707410748199384,0.0,0.0,0.0,1.0,,0
INT4,blk.4.ffn_up.bias,auxiliary,F32,3072,3072,-0.08612614237478293,0.09974164859076733,0.1268916784356024,0.0931868319873733,-0.4529609978199005,0.741710364818573,0.741710364818573,0.0,0,0.0,0.08063598225596268,0.3238569413650382,0.45707410748199384,0.0,0.0,0.0,1.0,,0
INT8,blk.4.ffn_up.bias,auxiliary,F32,3072,3072,-0.08612614237478293,0.09974164859076733,0.1268916784356024,0.0931868319873733,-0.4529609978199005,0.741710364818573,0.741710364818573,0.0,0,0.0,0.08063598225596268,0.3238569413650382,0.45707410748199384,0.0,0.0,0.0,1.0,,0
FP16,blk.4.ffn_up.weight,B04,float16,3072x768,2359296,-0.0032636584842293814,0.10167701695546486,0.12975426851010882,0.1297132172521048,-2.162109375,2.01953125,2.162109375,4.238552517361111e-07,0,0.0,0.08336785853317717,0.3521736696254182,0.4835121006173594,0.0,0.0,0.0,1.0,,0
INT4,blk.4.ffn_up.weight,B04,Q4_HP1,3072x768,2359296,-0.003307908773422241,0.10078762306107415,0.13068229611507526,0.13064042351988503,-2.0,2.0,2.0,0.1712315877278646,403985,0.17123116387261283,0.07325919446863084,0.3674148615490873,0.4983541706647323,0.01665351149844932,0.201171875,0.12834654065466747,0.9918474681684538,17.832316648901884,0
INT8,blk.4.ffn_up.weight,B04,Q8_HP1,3072x768,2359296,-0.003264382688535584,0.10170811518198913,0.12980198495657463,0.1297609305774647,-2.15625,2.03125,2.15625,0.010779486762152778,25431,0.010779062906901041,0.08293103621772012,0.3522217925811955,0.48392626903244823,0.00104106464870529,0.015380859375,0.008023355691178539,0.9999678923072484,41.91287908479974,0
FP16,blk.4.ffn_down.bias,auxiliary,float32,768,768,0.0016059388208683838,0.09975992699685321,0.13678005231613868,0.13677062430254994,-0.6683073043823242,1.5685913562774658,1.5685913562774658,0.0,0,0.0,0.08268939668990137,0.31946947616225135,1.472226862168171,0.0,0.0,0.0,1.0,,0
INT4,blk.4.ffn_down.bias,auxiliary,F32,768,768,0.0016059388208683838,0.09975992699685321,0.13678005231613868,0.13677062430254994,-0.6683073043823242,1.5685913562774658,1.5685913562774658,0.0,0,0.0,0.08268939668990137,0.31946947616225135,1.472226862168171,0.0,0.0,0.0,1.0,,0
INT8,blk.4.ffn_down.bias,auxiliary,F32,768,768,0.0016059388208683838,0.09975992699685321,0.13678005231613868,0.13677062430254994,-0.6683073043823242,1.5685913562774658,1.5685913562774658,0.0,0,0.0,0.08268939668990137,0.31946947616225135,1.472226862168171,0.0,0.0,0.0,1.0,,0
FP16,blk.4.ffn_down.weight,B04,float16,768x3072,2359296,0.00017996381239350335,0.06939503476347555,0.0909992798864423,0.09099910193445478,-3.7421875,4.77734375,4.77734375,8.477105034722222e-07,0,0.0,0.05673453483030367,0.24645374554867538,0.39372930218860214,0.0,0.0,0.0,1.0,,0
INT4,blk.4.ffn_down.weight,B04,Q4_HP1,768x3072,2359296,0.00013223373227649264,0.06868104595277044,0.09165534247342065,0.09165524708471456,-3.5,5.0,5.0,0.17795181274414062,419839,0.17795096503363717,0.0668575764885549,0.2654965304005404,0.4125420237919099,0.012337305329633336,0.41015625,0.13557585669940486,0.9909011805119129,17.35635285182416,0
INT8,blk.4.ffn_down.weight,B04,Q8_HP1,768x3072,2359296,0.00017945687027855052,0.06941522956670572,0.09103057155455525,0.09103039466453341,-3.75,4.75,4.75,0.011567433675130209,27289,0.011566585964626737,0.057645612286713874,0.24690070339848377,0.3944186024043345,0.0007773771582449653,0.031219482421875,0.008542673735605948,0.9999635830076606,41.368123600545445,0
FP16,blk.5.attn_qkv.bias,auxiliary,float32,2304,2304,0.0010455020116416512,0.06178924630512799,0.099220771802898,0.09921526335552616,-0.5593916773796082,0.4744223356246948,0.5593916773796082,0.0,0,0.0,0.03158136615612738,0.3993029278532323,0.4919945657549157,0.0,0.0,0.0,1.0,,0
INT4,blk.5.attn_qkv.bias,auxiliary,F32,2304,2304,0.0010455020116416512,0.06178924630512799,0.099220771802898,0.09921526335552616,-0.5593916773796082,0.4744223356246948,0.5593916773796082,0.0,0,0.0,0.03158136615612738,0.3993029278532323,0.4919945657549157,0.0,0.0,0.0,1.0,,0
INT8,blk.5.attn_qkv.bias,auxiliary,F32,2304,2304,0.0010455020116416512,0.06178924630512799,0.099220771802898,0.09921526335552616,-0.5593916773796082,0.4744223356246948,0.5593916773796082,0.0,0,0.0,0.03158136615612738,0.3993029278532323,0.4919945657549157,0.0,0.0,0.0,1.0,,0
FP16,blk.5.attn_qkv.weight,B05,float16,2304x768,1769472,-0.00010848551907353492,0.09946710941339579,0.12801272442557754,0.12801267845706146,-1.392578125,1.33203125,1.392578125,0.0,0,0.0,0.08069171452384584,0.3564676296583506,0.4951906214698362,0.0,0.0,0.0,1.0,,0
INT4,blk.5.attn_qkv.weight,B05,Q4_HP1,2304x768,1769472,-0.000175458413583261,0.0985589380617495,0.1289137057835842,0.12891358637941003,-1.5,1.25,1.5,0.1741451687282986,308145,0.1741451687282986,0.07285115193948043,0.37287530964373794,0.5267579990306914,0.016541173942379313,0.125,0.1292150762090515,0.9917346734541769,17.773736238828352,0
INT8,blk.5.attn_qkv.weight,B05,Q8_HP1,2304x768,1769472,-0.00010729995038774278,0.09949760359746439,0.12806112768476355,0.1280610827324756,-1.390625,1.328125,1.390625,0.011302241572627315,19999,0.011302241572627315,0.07990642756528182,0.3565879313526797,0.49558806258953153,0.0010337226723719603,0.0078125,0.008075155630118108,0.9999674797117873,41.85698197770761,0
FP16,blk.5.attn_output.bias,auxiliary,float32,768,768,-0.0011684766590936608,0.08431264844864472,0.11073832855058025,0.11073216367647391,-0.7029849886894226,0.593902587890625,0.7029849886894226,0.0,0,0.0,0.06677512332016923,0.3000621666663164,0.6189951454187197,0.0,0.0,0.0,1.0,,0
INT4,blk.5.attn_output.bias,auxiliary,F32,768,768,-0.0011684766590936608,0.08431264844864472,0.11073832855058025,0.11073216367647391,-0.7029849886894226,0.593902587890625,0.7029849886894226,0.0,0,0.0,0.06677512332016923,0.3000621666663164,0.6189951454187197,0.0,0.0,0.0,1.0,,0
INT8,blk.5.attn_output.bias,auxiliary,F32,768,768,-0.0011684766590936608,0.08431264844864472,0.11073832855058025,0.11073216367647391,-0.7029849886894226,0.593902587890625,0.7029849886894226,0.0,0,0.0,0.06677512332016923,0.3000621666663164,0.6189951454187197,0.0,0.0,0.0,1.0,,0
FP16,blk.5.attn_output.weight,B05,float16,768x768,589824,1.098691356876063e-05,0.07261309568427048,0.09377469638257968,0.09377469573895046,-1.9833984375,1.689453125,1.9833984375,0.0,0,0.0,0.059475529304534654,0.25654913047206496,0.3965243365475682,0.0,0.0,0.0,1.0,,0
INT4,blk.5.attn_output.weight,B05,Q4_HP1,768x768,589824,-3.829432858361138e-05,0.07198425630728404,0.09436841794859087,0.09436841017874745,-2.0,1.75,2.0,0.16462198893229166,97098,0.16462198893229166,0.06769049594017965,0.2776132645014103,0.40541148382155906,0.011839740742623506,0.125,0.12625730820092473,0.9920996093708758,17.974869480902992,0
INT8,blk.5.attn_output.weight,B05,Q8_HP1,768x768,589824,1.0972842574119568e-05,0.0726354019716382,0.09380953025560951,0.09380952961386621,-1.984375,1.6875,1.984375,0.010372585720486112,6118,0.010372585720486112,0.06058800279776405,0.2576098872778582,0.39682600444679533,0.0007378068959433775,0.0078125,0.00786786760613216,0.9999691287897432,42.08285913267985,0
FP16,blk.5.attn_norm.bias,auxiliary,float32,768,768,0.011876348399321538,0.018057439171779304,0.050451879527822624,0.0490341156399079,-0.45063841342926025,1.0794568061828613,1.0794568061828613,0.0,0,0.0,0.012620949711436161,0.1429253108708627,1.0410215976841062,0.0,0.0,0.0,1.0,,0
INT4,blk.5.attn_norm.bias,auxiliary,F32,768,768,0.011876348399321538,0.018057439171779304,0.050451879527822624,0.0490341156399079,-0.45063841342926025,1.0794568061828613,1.0794568061828613,0.0,0,0.0,0.012620949711436161,0.1429253108708627,1.0410215976841062,0.0,0.0,0.0,1.0,,0
INT8,blk.5.attn_norm.bias,auxiliary,F32,768,768,0.011876348399321538,0.018057439171779304,0.050451879527822624,0.0490341156399079,-0.45063841342926025,1.0794568061828613,1.0794568061828613,0.0,0,0.0,0.012620949711436161,0.1429253108708627,1.0410215976841062,0.0,0.0,0.0,1.0,,0
FP16,blk.5.attn_norm.weight,auxiliary,float32,768,768,0.37311947482521646,0.37311947482521646,0.3758229866500864,0.04499749771649165,0.08637669682502747,0.7687034010887146,0.7687034010887146,0.0,0,0.0,0.3777789011837229,0.4887412764719318,0.786762445353564,0.0,0.0,0.0,1.0,,0
INT4,blk.5.attn_norm.weight,auxiliary,F32,768,768,0.37311947482521646,0.37311947482521646,0.3758229866500864,0.04499749771649165,0.08637669682502747,0.7687034010887146,0.7687034010887146,0.0,0,0.0,0.3777789011837229,0.4887412764719318,0.786762445353564,0.0,0.0,0.0,1.0,,0
INT8,blk.5.attn_norm.weight,auxiliary,F32,768,768,0.37311947482521646,0.37311947482521646,0.3758229866500864,0.04499749771649165,0.08637669682502747,0.7687034010887146,0.7687034010887146,0.0,0,0.0,0.3777789011837229,0.4887412764719318,0.786762445353564,0.0,0.0,0.0,1.0,,0
FP16,blk.5.ffn_norm.bias,auxiliary,float32,768,768,0.008151970306964055,0.022062723470564077,0.03377709607700665,0.03277861497241325,-0.3045385777950287,0.3178199529647827,0.3178199529647827,0.0,0,0.0,0.01631677785042834,0.10806715391348255,0.3307928599770292,0.0,0.0,0.0,1.0,,0
INT4,blk.5.ffn_norm.bias,auxiliary,F32,768,768,0.008151970306964055,0.022062723470564077,0.03377709607700665,0.03277861497241325,-0.3045385777950287,0.3178199529647827,0.3178199529647827,0.0,0,0.0,0.01631677785042834,0.10806715391348255,0.3307928599770292,0.0,0.0,0.0,1.0,,0
INT8,blk.5.ffn_norm.bias,auxiliary,F32,768,768,0.008151970306964055,0.022062723470564077,0.03377709607700665,0.03277861497241325,-0.3045385777950287,0.3178199529647827,0.3178199529647827,0.0,0,0.0,0.01631677785042834,0.10806715391348255,0.3307928599770292,0.0,0.0,0.0,1.0,,0
FP16,blk.5.ffn_norm.weight,auxiliary,float32,768,768,0.27900201950008824,0.27900201950008824,0.28370504200844315,0.05144340556266535,0.04284697026014328,1.4179682731628418,1.4179682731628418,0.0,0,0.0,0.2751627828860964,0.3501581158699151,1.472226862168171,0.0,0.0,0.0,1.0,,0
INT4,blk.5.ffn_norm.weight,auxiliary,F32,768,768,0.27900201950008824,0.27900201950008824,0.28370504200844315,0.05144340556266535,0.04284697026014328,1.4179682731628418,1.4179682731628418,0.0,0,0.0,0.2751627828860964,0.3501581158699151,1.472226862168171,0.0,0.0,0.0,1.0,,0
INT8,blk.5.ffn_norm.weight,auxiliary,F32,768,768,0.27900201950008824,0.27900201950008824,0.28370504200844315,0.05144340556266535,0.04284697026014328,1.4179682731628418,1.4179682731628418,0.0,0,0.0,0.2751627828860964,0.3501581158699151,1.472226862168171,0.0,0.0,0.0,1.0,,0
FP16,blk.5.ffn_up.bias,auxiliary,float32,3072,3072,-0.08502543559876392,0.09557497059336173,0.12308199735752404,0.0889935580520186,-0.4335050880908966,0.6700983047485352,0.6700983047485352,0.0,0,0.0,0.07586021020423907,0.3020375866447324,0.46997850061812974,0.0,0.0,0.0,1.0,,0
INT4,blk.5.ffn_up.bias,auxiliary,F32,3072,3072,-0.08502543559876392,0.09557497059336173,0.12308199735752404,0.0889935580520186,-0.4335050880908966,0.6700983047485352,0.6700983047485352,0.0,0,0.0,0.07586021020423907,0.3020375866447324,0.46997850061812974,0.0,0.0,0.0,1.0,,0
INT8,blk.5.ffn_up.bias,auxiliary,F32,3072,3072,-0.08502543559876392,0.09557497059336173,0.12308199735752404,0.0889935580520186,-0.4335050880908966,0.6700983047485352,0.6700983047485352,0.0,0,0.0,0.07586021020423907,0.3020375866447324,0.46997850061812974,0.0,0.0,0.0,1.0,,0
FP16,blk.5.ffn_up.weight,B05,float16,3072x768,2359296,-0.004193889229327397,0.09962155188847849,0.12677641632618492,0.1267070283356148,-1.96484375,1.76171875,1.96484375,0.0,0,0.0,0.08203619879268532,0.3454844690505612,0.470600845813124,0.0,0.0,0.0,1.0,,0
INT4,blk.5.ffn_up.weight,B05,Q4_HP1,3072x768,2359296,-0.004256056414710151,0.09874597522947523,0.12768097717977345,0.1276100227935746,-2.0,1.75,2.0,0.16978751288519967,400579,0.16978751288519967,0.07301855126345534,0.3533163906551296,0.48695798318499367,0.016279045536090674,0.1248779296875,0.12840752253326104,0.991839435163052,17.828190662572638,0
INT8,blk.5.ffn_up.weight,B05,Q8_HP1,3072x768,2359296,-0.004195549007919099,0.09965212850107087,0.12682315993853535,0.12675374260871933,-1.96875,1.765625,1.96875,0.010737948947482638,25334,0.010737948947482638,0.08140119643898938,0.3452566536652216,0.4714197866135238,0.0010165282513771527,0.0078125,0.008018275644909477,0.9999679334242607,41.91838036104776,0
FP16,blk.5.ffn_down.bias,auxiliary,float32,768,768,0.0009532845680458498,0.07513214736481662,0.10638824374494886,0.106383972738693,-0.7120057344436646,1.2525707483291626,1.2525707483291626,0.0,0,0.0,0.06006310844483484,0.26477836374764185,1.2379902908374394,0.0,0.0,0.0,1.0,,0
INT4,blk.5.ffn_down.bias,auxiliary,F32,768,768,0.0009532845680458498,0.07513214736481662,0.10638824374494886,0.106383972738693,-0.7120057344436646,1.2525707483291626,1.2525707483291626,0.0,0,0.0,0.06006310844483484,0.26477836374764185,1.2379902908374394,0.0,0.0,0.0,1.0,,0
INT8,blk.5.ffn_down.bias,auxiliary,F32,768,768,0.0009532845680458498,0.07513214736481662,0.10638824374494886,0.106383972738693,-0.7120057344436646,1.2525707483291626,1.2525707483291626,0.0,0,0.0,0.06006310844483484,0.26477836374764185,1.2379902908374394,0.0,0.0,0.0,1.0,,0
FP16,blk.5.ffn_down.weight,B05,float16,768x3072,2359296,0.00011599278385195551,0.07507044065528135,0.09735700588815306,0.09735693679024605,-2.83984375,2.732421875,2.83984375,0.0,0,0.0,0.061560986583276626,0.2700728237665244,0.41740022332129706,0.0,0.0,0.0,1.0,,0
INT4,blk.5.ffn_down.weight,B05,Q4_HP1,768x3072,2359296,6.306585338380601e-05,0.07430132726828258,0.09804952781036902,0.09804950752826078,-3.0,2.5,3.0,0.17792510986328125,419778,0.17792510986328125,0.0684006546667552,0.28623812137552707,0.44679258242759223,0.01320058578925257,0.2476806640625,0.13558947986155037,0.9908977914567938,17.355480105443537,0
INT8,blk.5.ffn_down.weight,B05,Q8_HP1,768x3072,2359296,0.00011636796666102277,0.07509263414734353,0.09739218108340734,0.0973921115628958,-2.84375,2.71875,2.84375,0.01142120361328125,26946,0.01142120361328125,0.06281896788706876,0.27032278394454173,0.4180549004237442,0.0008244501665213776,0.015625,0.008468318833351687,0.9999642219839552,41.444055981974124,0
FP16,blk.6.attn_qkv.bias,auxiliary,float32,2304,2304,0.0018212752879503845,0.07526446397450659,0.1229738949229178,0.12296040740351476,-0.8114345669746399,0.724341630935669,0.8114345669746399,0.0,0,0.0,0.039945219486263464,0.4929796503147681,0.7361134310840854,0.0,0.0,0.0,1.0,,0
INT4,blk.6.attn_qkv.bias,auxiliary,F32,2304,2304,0.0018212752879503845,0.07526446397450659,0.1229738949229178,0.12296040740351476,-0.8114345669746399,0.724341630935669,0.8114345669746399,0.0,0,0.0,0.039945219486263464,0.4929796503147681,0.7361134310840854,0.0,0.0,0.0,1.0,,0
INT8,blk.6.attn_qkv.bias,auxiliary,F32,2304,2304,0.0018212752879503845,0.07526446397450659,0.1229738949229178,0.12296040740351476,-0.8114345669746399,0.724341630935669,0.8114345669746399,0.0,0,0.0,0.039945219486263464,0.4929796503147681,0.7361134310840854,0.0,0.0,0.0,1.0,,0
FP16,blk.6.attn_qkv.weight,B06,float16,2304x768,1769472,0.00011163594707694655,0.09937238578145803,0.12686012544403186,0.1268600763246295,-1.3876953125,1.6259765625,1.6259765625,0.0,0,0.0,0.08169395058961677,0.3465394575219213,0.48128204838740885,0.0,0.0,0.0,1.0,,0
INT4,blk.6.attn_qkv.weight,B06,Q4_HP1,2304x768,1769472,3.512700398763021e-05,0.09842372823644567,0.1277779252487981,0.12777792042047417,-1.5,1.75,1.75,0.17619606300636573,311774,0.17619606300636573,0.07292847744908679,0.3558101232849236,0.49530786649017017,0.01658074560822458,0.124755859375,0.13070100277915672,0.9915459574404555,17.674421607259248,0
INT8,blk.6.attn_qkv.weight,B06,Q8_HP1,2304x768,1769472,0.00011218035662615741,0.09940286146269904,0.12690730711958895,0.12690725753838217,-1.390625,1.625,1.625,0.01154186107494213,20423,0.01154186107494213,0.0810162961476468,0.34632111051796904,0.4817927937117577,0.0010366688382770213,0.0078125,0.008171746911399507,0.9999666928256009,41.75370184883073,0
FP16,blk.6.attn_output.bias,auxiliary,float32,768,768,-0.0004363868978600749,0.08368096990745737,0.1059856224372932,0.10598472404028726,-0.31241410970687866,0.39596790075302124,0.39596790075302124,0.0,0,0.0,0.0690713278616721,0.27956390327712716,0.3680567155420427,0.0,0.0,0.0,1.0,,0
INT4,blk.6.attn_output.bias,auxiliary,F32,768,768,-0.0004363868978600749,0.08368096990745737,0.1059856224372932,0.10598472404028726,-0.31241410970687866,0.39596790075302124,0.39596790075302124,0.0,0,0.0,0.0690713278616721,0.27956390327712716,0.3680567155420427,0.0,0.0,0.0,1.0,,0
INT8,blk.6.attn_output.bias,auxiliary,F32,768,768,-0.0004363868978600749,0.08368096990745737,0.1059856224372932,0.10598472404028726,-0.31241410970687866,0.39596790075302124,0.39596790075302124,0.0,0,0.0,0.0690713278616721,0.27956390327712716,0.3680567155420427,0.0,0.0,0.0,1.0,,0
FP16,blk.6.attn_output.weight,B06,float16,768x768,589824,3.6958269043275825e-05,0.08774346367348092,0.11368974946604105,0.11368974345884297,-1.7236328125,1.8583984375,1.8583984375,0.0,0,0.0,0.07136329174195295,0.3176773772450783,0.4790236715934289,0.0,0.0,0.0,1.0,,0
INT4,blk.6.attn_output.weight,B06,Q4_HP1,768x768,589824,-4.007584518856472e-05,0.08699202371968164,0.11448385783044067,0.11448385081603074,-1.75,1.75,1.75,0.1685146755642361,99394,0.1685146755642361,0.07090521388235621,0.3323056293426683,0.5174499956456053,0.014708237656514762,0.125,0.1293717131543868,0.9917137525164494,17.763213416760152,0
INT8,blk.6.attn_output.weight,B06,Q8_HP1,768x768,589824,3.8413279172446993e-05,0.08777036233287719,0.11373153030195593,0.11373152381483641,-1.71875,1.859375,1.859375,0.010467529296875,6174,0.010467529296875,0.07082988202317297,0.31620746849551085,0.480050255910451,0.0009166682048251224,0.0078125,0.0080628922935478,0.9999675743279737,41.87018283186927,0
FP16,blk.6.attn_norm.bias,auxiliary,float32,768,768,0.011822459697616713,0.01933719316799909,0.06721126520155234,0.06616331020053054,-0.6353734135627747,1.5215398073196411,1.5215398073196411,0.0,0,0.0,0.012264574777758028,0.14518859149071492,1.472226862168171,0.0,0.0,0.0,1.0,,0
INT4,blk.6.attn_norm.bias,auxiliary,F32,768,768,0.011822459697616713,0.01933719316799909,0.06721126520155234,0.06616331020053054,-0.6353734135627747,1.5215398073196411,1.5215398073196411,0.0,0,0.0,0.012264574777758028,0.14518859149071492,1.472226862168171,0.0,0.0,0.0,1.0,,0
INT8,blk.6.attn_norm.bias,auxiliary,F32,768,768,0.011822459697616713,0.01933719316799909,0.06721126520155234,0.06616331020053054,-0.6353734135627747,1.5215398073196411,1.5215398073196411,0.0,0,0.0,0.012264574777758028,0.14518859149071492,1.472226862168171,0.0,0.0,0.0,1.0,,0
FP16,blk.6.attn_norm.weight,auxiliary,float32,768,768,0.3455983120560025,0.3455983120560025,0.3484059908541725,0.044142283211447766,0.06372014433145523,0.7796484231948853,0.7796484231948853,0.0,0,0.0,0.3435368071483378,0.4195897330287296,0.8133791981321249,0.0,0.0,0.0,1.0,,0
INT4,blk.6.attn_norm.weight,auxiliary,F32,768,768,0.3455983120560025,0.3455983120560025,0.3484059908541725,0.044142283211447766,0.06372014433145523,0.7796484231948853,0.7796484231948853,0.0,0,0.0,0.3435368071483378,0.4195897330287296,0.8133791981321249,0.0,0.0,0.0,1.0,,0
INT8,blk.6.attn_norm.weight,auxiliary,F32,768,768,0.3455983120560025,0.3455983120560025,0.3484059908541725,0.044142283211447766,0.06372014433145523,0.7796484231948853,0.7796484231948853,0.0,0,0.0,0.3435368071483378,0.4195897330287296,0.8133791981321249,0.0,0.0,0.0,1.0,,0
FP16,blk.6.ffn_norm.bias,auxiliary,float32,768,768,0.004331209768937379,0.021156025589436633,0.03407614418551943,0.03379976663365845,-0.27256378531455994,0.45212307572364807,0.45212307572364807,0.0,0,0.0,0.015530284512763738,0.08744656074212735,0.4376956648471298,0.0,0.0,0.0,1.0,,0
INT4,blk.6.ffn_norm.bias,auxiliary,F32,768,768,0.004331209768937379,0.021156025589436633,0.03407614418551943,0.03379976663365845,-0.27256378531455994,0.45212307572364807,0.45212307572364807,0.0,0,0.0,0.015530284512763738,0.08744656074212735,0.4376956648471298,0.0,0.0,0.0,1.0,,0
INT8,blk.6.ffn_norm.bias,auxiliary,F32,768,768,0.004331209768937379,0.021156025589436633,0.03407614418551943,0.03379976663365845,-0.27256378531455994,0.45212307572364807,0.45212307572364807,0.0,0,0.0,0.015530284512763738,0.08744656074212735,0.4376956648471298,0.0,0.0,0.0,1.0,,0
FP16,blk.6.ffn_norm.weight,auxiliary,float32,768,768,0.2594689456697476,0.2594689456697476,0.2637574413513284,0.047369337141541415,0.04236043989658356,1.3398431539535522,1.3398431539535522,0.0,0,0.0,0.267595736585504,0.31946947616225135,1.2379902908374394,0.0,0.0,0.0,1.0,,0
INT4,blk.6.ffn_norm.weight,auxiliary,F32,768,768,0.2594689456697476,0.2594689456697476,0.2637574413513284,0.047369337141541415,0.04236043989658356,1.3398431539535522,1.3398431539535522,0.0,0,0.0,0.267595736585504,0.31946947616225135,1.2379902908374394,0.0,0.0,0.0,1.0,,0
INT8,blk.6.ffn_norm.weight,auxiliary,F32,768,768,0.2594689456697476,0.2594689456697476,0.2637574413513284,0.047369337141541415,0.04236043989658356,1.3398431539535522,1.3398431539535522,0.0,0,0.0,0.267595736585504,0.31946947616225135,1.2379902908374394,0.0,0.0,0.0,1.0,,0
FP16,blk.6.ffn_up.bias,auxiliary,float32,3072,3072,-0.08570226773671645,0.09730700779685246,0.12467378550845397,0.0905465300151925,-0.4310469329357147,0.6823736429214478,0.6823736429214478,0.0,0,0.0,0.07845638550726067,0.3050032565617964,0.45565064031856617,0.0,0.0,0.0,1.0,,0
INT4,blk.6.ffn_up.bias,auxiliary,F32,3072,3072,-0.08570226773671645,0.09730700779685246,0.12467378550845397,0.0905465300151925,-0.4310469329357147,0.6823736429214478,0.6823736429214478,0.0,0,0.0,0.07845638550726067,0.3050032565617964,0.45565064031856617,0.0,0.0,0.0,1.0,,0
INT8,blk.6.ffn_up.bias,auxiliary,F32,3072,3072,-0.08570226773671645,0.09730700779685246,0.12467378550845397,0.0905465300151925,-0.4310469329357147,0.6823736429214478,0.6823736429214478,0.0,0,0.0,0.07845638550726067,0.3050032565617964,0.45565064031856617,0.0,0.0,0.0,1.0,,0
FP16,blk.6.ffn_up.weight,B06,float16,3072x768,2359296,-0.002819159334447047,0.09953090586607989,0.126387927955222,0.1263564825145959,-1.2294921875,2.1328125,2.1328125,4.238552517361111e-07,0,0.0,0.08224569649842248,0.34317514982316155,0.46356701192313937,0.0,0.0,0.0,1.0,,0
INT4,blk.6.ffn_up.weight,B06,Q4_HP1,3072x768,2359296,-0.002863294548458523,0.0986638797654046,0.1273126902176209,0.12728048803637057,-1.25,2.0,2.0,0.17068523830837673,402696,0.170684814453125,0.073013131296881,0.3512956047150447,0.47963460289120813,0.016295953099162295,0.249267578125,0.12893599383111803,0.9917747062275339,17.792516557489463,0
INT8,blk.6.ffn_up.weight,B06,Q8_HP1,3072x768,2359296,-0.0028197032709916434,0.09956143672267596,0.1264344471602782,0.12640300115973807,-1.234375,2.125,2.125,0.010702768961588541,25250,0.010702345106336806,0.08164708533545986,0.3428410481517886,0.464239708317478,0.001017279526163468,0.01495361328125,0.008048866237635293,0.9999676875059006,41.885305799887156,0
FP16,blk.6.ffn_down.bias,auxiliary,float32,768,768,0.0015628752042194567,0.08774427079027684,0.12098750398770922,0.12097740922284618,-0.675733745098114,1.0459482669830322,1.0459482669830322,0.0,0,0.0,0.06948174405940229,0.3014519569226893,1.0410215976841062,0.0,0.0,0.0,1.0,,0
INT4,blk.6.ffn_down.bias,auxiliary,F32,768,768,0.0015628752042194567,0.08774427079027684,0.12098750398770922,0.12097740922284618,-0.675733745098114,1.0459482669830322,1.0459482669830322,0.0,0,0.0,0.06948174405940229,0.3014519569226893,1.0410215976841062,0.0,0.0,0.0,1.0,,0
INT8,blk.6.ffn_down.bias,auxiliary,F32,768,768,0.0015628752042194567,0.08774427079027684,0.12098750398770922,0.12097740922284618,-0.675733745098114,1.0459482669830322,1.0459482669830322,0.0,0,0.0,0.06948174405940229,0.3014519569226893,1.0410215976841062,0.0,0.0,0.0,1.0,,0
FP16,blk.6.ffn_down.weight,B06,float16,768x3072,2359296,9.547679949011783e-05,0.08288692119539418,0.10733186615143589,0.10733182368585055,-2.244140625,2.76953125,2.76953125,4.238552517361111e-07,0,0.0,0.06793527603028823,0.29365907510792877,0.4670468582775325,0.0,0.0,0.0,1.0,,0
INT4,blk.6.ffn_down.weight,B06,Q4_HP1,768x3072,2359296,2.5333008832401698e-05,0.08197477273643017,0.10810622122986625,0.10810621826166823,-2.0,3.0,3.0,0.18179024590386283,428896,0.1817898220486111,0.07007284851253946,0.3100922547358363,0.5038416294151941,0.014802511062847716,0.25,0.1379134789472743,0.9905838946054828,17.20786572124701,0
INT8,blk.6.ffn_down.weight,B06,Q8_HP1,768x3072,2359296,9.536978581713306e-05,0.08291295584705141,0.10737397693248028,0.10737393457865256,-2.25,2.78125,2.78125,0.011619144015842013,27412,0.011618720160590278,0.06809065557754182,0.29286385323598907,0.46876260069031433,0.0009254738438059318,0.015625,0.008622544981191037,0.9999629173741458,41.28729062745243,0
FP16,blk.7.attn_qkv.bias,auxiliary,float32,2304,2304,-0.004282913280971338,0.0834713543738099,0.1381208908649664,0.1380544716666564,-0.7567459940910339,0.7274548411369324,0.7567459940910339,0.0,0,0.0,0.041403092858281,0.547546210301476,0.7610166904196761,0.0,0.0,0.0,1.0,,0
INT4,blk.7.attn_qkv.bias,auxiliary,F32,2304,2304,-0.004282913280971338,0.0834713543738099,0.1381208908649664,0.1380544716666564,-0.7567459940910339,0.7274548411369324,0.7567459940910339,0.0,0,0.0,0.041403092858281,0.547546210301476,0.7610166904196761,0.0,0.0,0.0,1.0,,0
INT8,blk.7.attn_qkv.bias,auxiliary,F32,2304,2304,-0.004282913280971338,0.0834713543738099,0.1381208908649664,0.1380544716666564,-0.7567459940910339,0.7274548411369324,0.7567459940910339,0.0,0,0.0,0.041403092858281,0.547546210301476,0.7610166904196761,0.0,0.0,0.0,1.0,,0
FP16,blk.7.attn_qkv.weight,B07,float16,2304x768,1769472,-9.102861787579497e-05,0.10130108164752595,0.1289860005817786,0.12898596846119859,-1.6826171875,1.8056640625,1.8056640625,0.0,0,0.0,0.08354853608493219,0.3490425197803156,0.4788575790011406,0.0,0.0,0.0,1.0,,0
INT4,blk.7.attn_qkv.weight,B07,Q4_HP1,2304x768,1769472,-0.0001305120962637442,0.10035645520245587,0.12992236948665772,0.12992230393439125,-1.75,1.75,1.75,0.17542860243055555,310416,0.17542860243055555,0.07324899446472023,0.36046675302403575,0.4921425159052743,0.016733058280259207,0.1248779296875,0.12972770847058132,0.9916721663061534,17.739345065727022,0
INT8,blk.7.attn_qkv.weight,B07,Q8_HP1,2304x768,1769472,-9.108141616538719e-05,0.1013334040288572,0.12903448898157696,0.1290344568358093,-1.6875,1.8125,1.8125,0.011411878797743056,20193,0.011411878797743056,0.0831488097257774,0.34896005697523164,0.4793759911630511,0.0010464482024957803,0.0078125,0.008112882000960409,0.999967173570798,41.81649681276007,0
FP16,blk.7.attn_output.bias,auxiliary,float32,768,768,-0.0001336303731325946,0.11445645427018765,0.1450262071415059,0.14502614557649374,-0.45981165766716003,0.5181331634521484,0.5181331634521484,0.0,0,0.0,0.09320367247248253,0.3950206559316882,0.5205107988420531,0.0,0.0,0.0,1.0,,0
INT4,blk.7.attn_output.bias,auxiliary,F32,768,768,-0.0001336303731325946,0.11445645427018765,0.1450262071415059,0.14502614557649374,-0.45981165766716003,0.5181331634521484,0.5181331634521484,0.0,0,0.0,0.09320367247248253,0.3950206559316882,0.5205107988420531,0.0,0.0,0.0,1.0,,0
INT8,blk.7.attn_output.bias,auxiliary,F32,768,768,-0.0001336303731325946,0.11445645427018765,0.1450262071415059,0.14502614557649374,-0.45981165766716003,0.5181331634521484,0.5181331634521484,0.0,0,0.0,0.09320367247248253,0.3950206559316882,0.5205107988420531,0.0,0.0,0.0,1.0,,0
FP16,blk.7.attn_output.weight,B07,float16,768x768,589824,2.384227061864092e-05,0.08768071895610774,0.11391731436967596,0.11391731187464753,-2.234375,1.9169921875,2.234375,0.0,0,0.0,0.07121870766896535,0.3176785864280118,0.4923793906692736,0.0,0.0,0.0,1.0,,0
INT4,blk.7.attn_output.weight,B07,Q4_HP1,768x768,589824,-6.892780462900798e-05,0.08685673773288727,0.11471163805741072,0.11471161734877662,-2.0,2.0,2.0,0.169952392578125,100242,0.169952392578125,0.07084173551027874,0.33223356407884813,0.5419487550382398,0.014822029271776,0.244140625,0.13011217262089464,0.9916181662283013,17.71364142391228,0
INT8,blk.7.attn_output.weight,B07,Q8_HP1,768x768,589824,2.2667977544996473e-05,0.08770893255455627,0.11395969675746412,0.1139596945029951,-2.25,1.90625,2.25,0.010562472873263888,6230,0.010562472873263888,0.07075040028537766,0.3161311874335872,0.49525883137666527,0.0009251130882676061,0.015625,0.008120917293270259,0.9999671067977235,41.80789825038441,0
FP16,blk.7.attn_norm.bias,auxiliary,float32,768,768,0.014343542450281651,0.02094514110272409,0.06082380205165363,0.05910835546685183,-0.7902795672416687,1.1963781118392944,1.1963781118392944,0.0,0,0.0,0.014937317894335861,0.12137136554279354,1.2379902908374394,0.0,0.0,0.0,1.0,,0
INT4,blk.7.attn_norm.bias,auxiliary,F32,768,768,0.014343542450281651,0.02094514110272409,0.06082380205165363,0.05910835546685183,-0.7902795672416687,1.1963781118392944,1.1963781118392944,0.0,0,0.0,0.014937317894335861,0.12137136554279354,1.2379902908374394,0.0,0.0,0.0,1.0,,0
INT8,blk.7.attn_norm.bias,auxiliary,F32,768,768,0.014343542450281651,0.02094514110272409,0.06082380205165363,0.05910835546685183,-0.7902795672416687,1.1963781118392944,1.1963781118392944,0.0,0,0.0,0.014937317894335861,0.12137136554279354,1.2379902908374394,0.0,0.0,0.0,1.0,,0
FP16,blk.7.attn_norm.weight,auxiliary,float32,768,768,0.35657151306319673,0.35657151306319673,0.3592463751279191,0.04375744638769651,0.07460365444421768,0.8182540535926819,0.8182540535926819,0.0,0,0.0,0.36602142398640636,0.4198841276380971,0.8133791981321249,0.0,0.0,0.0,1.0,,0
INT4,blk.7.attn_norm.weight,auxiliary,F32,768,768,0.35657151306319673,0.35657151306319673,0.3592463751279191,0.04375744638769651,0.07460365444421768,0.8182540535926819,0.8182540535926819,0.0,0,0.0,0.36602142398640636,0.4198841276380971,0.8133791981321249,0.0,0.0,0.0,1.0,,0
INT8,blk.7.attn_norm.weight,auxiliary,F32,768,768,0.35657151306319673,0.35657151306319673,0.3592463751279191,0.04375744638769651,0.07460365444421768,0.8182540535926819,0.8182540535926819,0.0,0,0.0,0.36602142398640636,0.4198841276380971,0.8133791981321249,0.0,0.0,0.0,1.0,,0
FP16,blk.7.ffn_norm.bias,auxiliary,float32,768,768,0.009183691912037753,0.02684049968569487,0.04659435942108161,0.04568034733586982,-0.46662047505378723,0.6272032260894775,0.6272032260894775,0.0,0,0.0,0.020074925744097596,0.11110533514582005,0.6189951454187197,0.0,0.0,0.0,1.0,,0
INT4,blk.7.ffn_norm.bias,auxiliary,F32,768,768,0.009183691912037753,0.02684049968569487,0.04659435942108161,0.04568034733586982,-0.46662047505378723,0.6272032260894775,0.6272032260894775,0.0,0,0.0,0.020074925744097596,0.11110533514582005,0.6189951454187197,0.0,0.0,0.0,1.0,,0
INT8,blk.7.ffn_norm.bias,auxiliary,F32,768,768,0.009183691912037753,0.02684049968569487,0.04659435942108161,0.04568034733586982,-0.46662047505378723,0.6272032260894775,0.6272032260894775,0.0,0,0.0,0.020074925744097596,0.11110533514582005,0.6189951454187197,0.0,0.0,0.0,1.0,,0
FP16,blk.7.ffn_norm.weight,auxiliary,float32,768,768,0.256014051134116,0.256014051134116,0.26029702213945927,0.04702494398261815,0.014922600239515305,1.292971134185791,1.292971134185791,0.0,0,0.0,0.26390601133174285,0.326464946772229,1.2379902908374394,0.0,0.0,0.0,1.0,,0
INT4,blk.7.ffn_norm.weight,auxiliary,F32,768,768,0.256014051134116,0.256014051134116,0.26029702213945927,0.04702494398261815,0.014922600239515305,1.292971134185791,1.292971134185791,0.0,0,0.0,0.26390601133174285,0.326464946772229,1.2379902908374394,0.0,0.0,0.0,1.0,,0
INT8,blk.7.ffn_norm.weight,auxiliary,F32,768,768,0.256014051134116,0.256014051134116,0.26029702213945927,0.04702494398261815,0.014922600239515305,1.292971134185791,1.292971134185791,0.0,0,0.0,0.26390601133174285,0.326464946772229,1.2379902908374394,0.0,0.0,0.0,1.0,,0
FP16,blk.7.ffn_up.bias,auxiliary,float32,3072,3072,-0.08847202748287053,0.09961066941618846,0.12665222228649986,0.0906282834615065,-0.7277393937110901,0.8320072293281555,0.8320072293281555,0.0,0,0.0,0.08281853890637804,0.32383556297298627,0.5909057734671768,0.0,0.0,0.0,1.0,,0
INT4,blk.7.ffn_up.bias,auxiliary,F32,3072,3072,-0.08847202748287053,0.09961066941618846,0.12665222228649986,0.0906282834615065,-0.7277393937110901,0.8320072293281555,0.8320072293281555,0.0,0,0.0,0.08281853890637804,0.32383556297298627,0.5909057734671768,0.0,0.0,0.0,1.0,,0
INT8,blk.7.ffn_up.bias,auxiliary,F32,3072,3072,-0.08847202748287053,0.09961066941618846,0.12665222228649986,0.0906282834615065,-0.7277393937110901,0.8320072293281555,0.8320072293281555,0.0,0,0.0,0.08281853890637804,0.32383556297298627,0.5909057734671768,0.0,0.0,0.0,1.0,,0
FP16,blk.7.ffn_up.weight,B07,float16,3072x768,2359296,-0.003522957984336649,0.10009659376095846,0.12647242957600233,0.12642335310336247,-0.85009765625,1.232421875,1.232421875,0.0,0,0.0,0.08337121366963542,0.34003743105144585,0.4547743347307679,0.0,0.0,0.0,1.0,,0
INT4,blk.7.ffn_up.weight,B07,Q4_HP1,3072x768,2359296,-0.003566582997639974,0.09919852680630153,0.12740989334418176,0.12735996391212082,-0.875,1.25,1.25,0.172119140625,406080,0.172119140625,0.07315641855264755,0.3489522589234487,0.47247414268428195,0.0164526855601406,0.117919921875,0.1300891080791132,0.9916279408095039,17.715181278477573,0
INT8,blk.7.ffn_up.weight,B07,Q8_HP1,3072x768,2359296,-0.0035253063672118718,0.10012754673759143,0.1265193758442719,0.12647025215062008,-0.8515625,1.234375,1.234375,0.010919358995225694,25762,0.010919358995225694,0.08294409180599456,0.33955143334789284,0.45574455933699615,0.0010273389600406497,0.0074462890625,0.008123026998728453,0.9999670893264001,41.80564206573463,0
FP16,blk.7.ffn_down.bias,auxiliary,float32,768,768,0.0011925122250507532,0.09288514552891532,0.12873373955847692,0.12872821608063584,-0.7255768775939941,1.1770070791244507,1.1770070791244507,0.0,0,0.0,0.07386687877991922,0.3221936576212532,1.1126501205848311,0.0,0.0,0.0,1.0,,0
INT4,blk.7.ffn_down.bias,auxiliary,F32,768,768,0.0011925122250507532,0.09288514552891532,0.12873373955847692,0.12872821608063584,-0.7255768775939941,1.1770070791244507,1.1770070791244507,0.0,0,0.0,0.07386687877991922,0.3221936576212532,1.1126501205848311,0.0,0.0,0.0,1.0,,0
INT8,blk.7.ffn_down.bias,auxiliary,F32,768,768,0.0011925122250507532,0.09288514552891532,0.12873373955847692,0.12872821608063584,-0.7255768775939941,1.1770070791244507,1.1770070791244507,0.0,0,0.0,0.07386687877991922,0.3221936576212532,1.1126501205848311,0.0,0.0,0.0,1.0,,0
FP16,blk.7.ffn_down.weight,B07,float16,768x3072,2359296,8.64875460138137e-05,0.09225291531498038,0.11873491810227511,0.11873488660313093,-4.53125,4.28515625,4.53125,1.2715657552083333e-06,0,0.0,0.0760037449406835,0.32745177882811516,0.4913367889211926,0.0,0.0,0.0,1.0,,0
INT4,blk.7.ffn_down.weight,B07,Q4_HP1,768x3072,2359296,1.3089428345362345e-05,0.09128593653440475,0.11969846933359794,0.11969846861791153,-5.0,4.0,5.0,0.18237813313802084,430281,0.18237686157226562,0.07172359339898712,0.33941517162402224,0.5307884077879808,0.016389217465812626,0.47021484375,0.1380319936860982,0.990582933035391,17.200404783436515,0
INT8,blk.7.ffn_down.weight,B07,Q8_HP1,768x3072,2359296,8.437629892594284e-05,0.09228213126253751,0.11878118707308676,0.11878115710470163,-4.5625,4.3125,4.5625,0.011531829833984375,27204,0.011530558268229166,0.07464894431572192,0.32641806792760386,0.4924204846332173,0.0010236486972591897,0.03125,0.008621294507294356,0.9999629270136122,41.288550379178616,0
FP16,blk.8.attn_qkv.bias,auxiliary,float32,2304,2304,-0.00552974166581303,0.08153429589632724,0.1314859444902265,0.13136961427817428,-0.8690374493598938,0.8369526267051697,0.8690374493598938,0.0,0,0.0,0.04501643889786823,0.5238670860973632,0.7947097777949474,0.0,0.0,0.0,1.0,,0
INT4,blk.8.attn_qkv.bias,auxiliary,F32,2304,2304,-0.00552974166581303,0.08153429589632724,0.1314859444902265,0.13136961427817428,-0.8690374493598938,0.8369526267051697,0.8690374493598938,0.0,0,0.0,0.04501643889786823,0.5238670860973632,0.7947097777949474,0.0,0.0,0.0,1.0,,0
INT8,blk.8.attn_qkv.bias,auxiliary,F32,2304,2304,-0.00552974166581303,0.08153429589632724,0.1314859444902265,0.13136961427817428,-0.8690374493598938,0.8369526267051697,0.8690374493598938,0.0,0,0.0,0.04501643889786823,0.5238670860973632,0.7947097777949474,0.0,0.0,0.0,1.0,,0
FP16,blk.8.attn_qkv.weight,B08,float16,2304x768,1769472,-0.00017030262467785547,0.10021779232138889,0.1269307725451624,0.12693065829785877,-1.724609375,1.9482421875,1.9482421875,1.1302806712962962e-06,0,0.0,0.08333605273153977,0.3408464310835055,0.4580440390124014,0.0,0.0,0.0,1.0,,0
INT4,blk.8.attn_qkv.weight,B08,Q4_HP1,2304x768,1769472,-0.00022801646479853876,0.09928489614416051,0.1279057962263004,0.12790559298473098,-1.75,1.75,1.75,0.176544189453125,312388,0.1765430591724537,0.07311621201280369,0.3494225797379524,0.4753588081687735,0.01666791640039918,0.1982421875,0.13131501578522795,0.9914731853945006,17.633712195681834,0
INT8,blk.8.attn_qkv.weight,B08,Q8_HP1,2304x768,1769472,-0.0001695327184818409,0.10024848304412982,0.12697766180801695,0.1269775486331678,-1.71875,1.953125,1.953125,0.011544121636284722,20425,0.011542991355613427,0.08290445351912545,0.34040270287039115,0.45918210788137587,0.0010409772741852136,0.0078125,0.008201141876882773,0.9999664512603292,41.722513497926144,0
FP16,blk.8.attn_output.bias,auxiliary,float32,768,768,0.0010857941271638083,0.10786274815031523,0.13999223282523618,0.13998802199655708,-0.4675879180431366,1.1573807001113892,1.1573807001113892,0.0,0,0.0,0.09081424974056579,0.3494117429627661,1.0410215976841062,0.0,0.0,0.0,1.0,,0
INT4,blk.8.attn_output.bias,auxiliary,F32,768,768,0.0010857941271638083,0.10786274815031523,0.13999223282523618,0.13998802199655708,-0.4675879180431366,1.1573807001113892,1.1573807001113892,0.0,0,0.0,0.09081424974056579,0.3494117429627661,1.0410215976841062,0.0,0.0,0.0,1.0,,0
INT8,blk.8.attn_output.bias,auxiliary,F32,768,768,0.0010857941271638083,0.10786274815031523,0.13999223282523618,0.13998802199655708,-0.4675879180431366,1.1573807001113892,1.1573807001113892,0.0,0,0.0,0.09081424974056579,0.3494117429627661,1.0410215976841062,0.0,0.0,0.0,1.0,,0
FP16,blk.8.attn_output.weight,B08,float16,768x768,589824,8.110273079687937e-06,0.09467823147699367,0.12236356138882193,0.12236356112004694,-2.177734375,2.939453125,2.939453125,0.0,0,0.0,0.0778237636416133,0.3347578759641961,0.5122976800210568,0.0,0.0,0.0,1.0,,0
INT4,blk.8.attn_output.weight,B08,Q4_HP1,768x768,589824,-7.444951269361709e-05,0.09384828474786547,0.12323358125702029,0.12323355876830257,-2.0,3.0,3.0,0.16987440321180555,100196,0.16987440321180555,0.0722083859962478,0.3449576349015881,0.5558942865405964,0.015839215427174307,0.24951171875,0.12944389038206958,0.9917063851544899,17.758368859927256,0
INT8,blk.8.attn_output.weight,B08,Q8_HP1,768x768,589824,8.006373213397132e-06,0.09470698082198699,0.12240880783710613,0.12240880757527035,-2.1875,2.9375,2.9375,0.010538736979166666,6216,0.010538736979166666,0.07667987685277089,0.3339569412051066,0.5153951583718386,0.0009883557460386083,0.015625,0.008077206439734239,0.9999674597656378,41.85477634288923,0
FP16,blk.8.attn_norm.bias,auxiliary,float32,768,768,0.013251810508653724,0.02187765536791157,0.06993112683267227,0.06866405186362097,-0.9212274551391602,1.4539999961853027,1.4539999961853027,0.0,0,0.0,0.014146781210731995,0.1666623346363989,1.472226862168171,0.0,0.0,0.0,1.0,,0
INT4,blk.8.attn_norm.bias,auxiliary,F32,768,768,0.013251810508653724,0.02187765536791157,0.06993112683267227,0.06866405186362097,-0.9212274551391602,1.4539999961853027,1.4539999961853027,0.0,0,0.0,0.014146781210731995,0.1666623346363989,1.472226862168171,0.0,0.0,0.0,1.0,,0
INT8,blk.8.attn_norm.bias,auxiliary,F32,768,768,0.013251810508653724,0.02187765536791157,0.06993112683267227,0.06866405186362097,-0.9212274551391602,1.4539999961853027,1.4539999961853027,0.0,0,0.0,0.014146781210731995,0.1666623346363989,1.472226862168171,0.0,0.0,0.0,1.0,,0
FP16,blk.8.attn_norm.weight,auxiliary,float32,768,768,0.3352259430879106,0.3352259430879106,0.3381682565273983,0.04451220960142493,0.06567440181970596,0.9247856140136719,0.9247856140136719,0.0,0,0.0,0.3258519717069169,0.41697584412867106,0.9356234978313978,0.0,0.0,0.0,1.0,,0
INT4,blk.8.attn_norm.weight,auxiliary,F32,768,768,0.3352259430879106,0.3352259430879106,0.3381682565273983,0.04451220960142493,0.06567440181970596,0.9247856140136719,0.9247856140136719,0.0,0,0.0,0.3258519717069169,0.41697584412867106,0.9356234978313978,0.0,0.0,0.0,1.0,,0
INT8,blk.8.attn_norm.weight,auxiliary,F32,768,768,0.3352259430879106,0.3352259430879106,0.3381682565273983,0.04451220960142493,0.06567440181970596,0.9247856140136719,0.9247856140136719,0.0,0,0.0,0.3258519717069169,0.41697584412867106,0.9356234978313978,0.0,0.0,0.0,1.0,,0
FP16,blk.8.ffn_norm.bias,auxiliary,float32,768,768,0.0003843954391034761,0.025633479954024097,0.04933812988660232,0.049336632443384675,-0.6949538588523865,0.45218828320503235,0.6949538588523865,0.0,0,0.0,0.01899699311032219,0.1020607461993833,0.6189951454187197,0.0,0.0,0.0,1.0,,0
INT4,blk.8.ffn_norm.bias,auxiliary,F32,768,768,0.0003843954391034761,0.025633479954024097,0.04933812988660232,0.049336632443384675,-0.6949538588523865,0.45218828320503235,0.6949538588523865,0.0,0,0.0,0.01899699311032219,0.1020607461993833,0.6189951454187197,0.0,0.0,0.0,1.0,,0
INT8,blk.8.ffn_norm.bias,auxiliary,F32,768,768,0.0003843954391034761,0.025633479954024097,0.04933812988660232,0.049336632443384675,-0.6949538588523865,0.45218828320503235,0.6949538588523865,0.0,0,0.0,0.01899699311032219,0.1020607461993833,0.6189951454187197,0.0,0.0,0.0,1.0,,0
FP16,blk.8.ffn_norm.weight,auxiliary,float32,768,768,0.2566564933003974,0.2566564933003974,0.25995021910387894,0.04124998010784654,0.018047964200377464,1.072196125984192,1.072196125984192,0.0,0,0.0,0.2633837229461117,0.3443191154387431,1.0410215976841062,0.0,0.0,0.0,1.0,,0
INT4,blk.8.ffn_norm.weight,auxiliary,F32,768,768,0.2566564933003974,0.2566564933003974,0.25995021910387894,0.04124998010784654,0.018047964200377464,1.072196125984192,1.072196125984192,0.0,0,0.0,0.2633837229461117,0.3443191154387431,1.0410215976841062,0.0,0.0,0.0,1.0,,0
INT8,blk.8.ffn_norm.weight,auxiliary,F32,768,768,0.2566564933003974,0.2566564933003974,0.25995021910387894,0.04124998010784654,0.018047964200377464,1.072196125984192,1.072196125984192,0.0,0,0.0,0.2633837229461117,0.3443191154387431,1.0410215976841062,0.0,0.0,0.0,1.0,,0
FP16,blk.8.ffn_up.bias,auxiliary,float32,3072,3072,-0.0850580455441694,0.10003515481363578,0.12642202001638797,0.09352890480076201,-0.5317481756210327,0.9931637048721313,0.9931637048721313,0.0,0,0.0,0.08547763612857652,0.3296752864675976,0.4984428486101854,0.0,0.0,0.0,1.0,,0
INT4,blk.8.ffn_up.bias,auxiliary,F32,3072,3072,-0.0850580455441694,0.10003515481363578,0.12642202001638797,0.09352890480076201,-0.5317481756210327,0.9931637048721313,0.9931637048721313,0.0,0,0.0,0.08547763612857652,0.3296752864675976,0.4984428486101854,0.0,0.0,0.0,1.0,,0
INT8,blk.8.ffn_up.bias,auxiliary,F32,3072,3072,-0.0850580455441694,0.10003515481363578,0.12642202001638797,0.09352890480076201,-0.5317481756210327,0.9931637048721313,0.9931637048721313,0.0,0,0.0,0.08547763612857652,0.3296752864675976,0.4984428486101854,0.0,0.0,0.0,1.0,,0
FP16,blk.8.ffn_up.weight,B08,float16,3072x768,2359296,-0.0020665370906145755,0.10086176960317061,0.12729742587172024,0.12728065076051123,-1.22265625,1.4541015625,1.4541015625,8.477105034722222e-07,0,0.0,0.0841454720261319,0.3404586733519212,0.4513234478566785,0.0,0.0,0.0,1.0,,0
INT4,blk.8.ffn_up.weight,B08,Q4_HP1,3072x768,2359296,-0.002136826515197754,0.0999399291144477,0.1282290982360616,0.12821129282117658,-1.25,1.5,1.5,0.1728752983940972,407862,0.17287445068359375,0.07325452205163144,0.3491316928923044,0.46947979863124656,0.016572079040588043,0.123779296875,0.13018392891375516,0.9916142295026232,17.708852514261025,0
INT8,blk.8.ffn_up.weight,B08,Q8_HP1,3072x768,2359296,-0.0020665816134876674,0.10089325077003902,0.1273446158328622,0.12732784621619125,-1.21875,1.453125,1.453125,0.010736677381727431,25329,0.010735829671223959,0.08382402604265174,0.3399946392429898,0.4522435728850027,0.001035624287073553,0.007808685302734375,0.008135469197288947,0.9999669880198103,41.79234789838415,0
FP16,blk.8.ffn_down.bias,auxiliary,float32,768,768,0.0011560862579547877,0.09141991901378788,0.12728045103920968,0.12727520057461633,-0.8267791271209717,1.2202709913253784,1.2202709913253784,0.0,0,0.0,0.07327720045331092,0.2887714461383957,1.2379902908374394,0.0,0.0,0.0,1.0,,0
INT4,blk.8.ffn_down.bias,auxiliary,F32,768,768,0.0011560862579547877,0.09141991901378788,0.12728045103920968,0.12727520057461633,-0.8267791271209717,1.2202709913253784,1.2202709913253784,0.0,0,0.0,0.07327720045331092,0.2887714461383957,1.2379902908374394,0.0,0.0,0.0,1.0,,0
INT8,blk.8.ffn_down.bias,auxiliary,F32,768,768,0.0011560862579547877,0.09141991901378788,0.12728045103920968,0.12727520057461633,-0.8267791271209717,1.2202709913253784,1.2202709913253784,0.0,0,0.0,0.07327720045331092,0.2887714461383957,1.2379902908374394,0.0,0.0,0.0,1.0,,0
FP16,blk.8.ffn_down.weight,B08,float16,768x3072,2359296,4.690134488151266e-05,0.10524638278997776,0.13540384600035638,0.1354038378774844,-3.650390625,5.375,5.375,0.0,0,0.0,0.08653256532760309,0.3742131282143615,0.5580684013205179,0.0,0.0,0.0,1.0,,0
INT4,blk.8.ffn_down.weight,B08,Q4_HP1,768x3072,2359296,-1.5330397420459325e-05,0.10418340522381994,0.1365029056733614,0.13650290481249663,-3.5,5.0,5.0,0.18392181396484375,433926,0.18392181396484375,0.07363669173187355,0.38866576522581886,0.5819762658273648,0.0185166664839154,0.498046875,0.13675140722270668,0.9907574889074487,17.28136391840444,0
INT8,blk.8.ffn_down.weight,B08,Q8_HP1,768x3072,2359296,4.7823647037148476e-05,0.1052798933815211,0.13545589009618478,0.1354558816539484,-3.65625,5.375,5.375,0.011689927842881944,27580,0.011689927842881944,0.08662931941635499,0.3745526602668801,0.5574247765724702,0.0011570608109345171,0.030517578125,0.008545258093566056,0.9999635771486994,41.36549631382376,0
FP16,blk.9.attn_qkv.bias,auxiliary,float32,2304,2304,0.00028549766769319577,0.0848365477516732,0.14049539287885165,0.14049510280171557,-1.0424495935440063,0.8038645386695862,1.0424495935440063,0.0,0,0.0,0.04419417382415922,0.5816104112929877,0.8931658523527536,0.0,0.0,0.0,1.0,,0
INT4,blk.9.attn_qkv.bias,auxiliary,F32,2304,2304,0.00028549766769319577,0.0848365477516732,0.14049539287885165,0.14049510280171557,-1.0424495935440063,0.8038645386695862,1.0424495935440063,0.0,0,0.0,0.04419417382415922,0.5816104112929877,0.8931658523527536,0.0,0.0,0.0,1.0,,0
INT8,blk.9.attn_qkv.bias,auxiliary,F32,2304,2304,0.00028549766769319577,0.0848365477516732,0.14049539287885165,0.14049510280171557,-1.0424495935440063,0.8038645386695862,1.0424495935440063,0.0,0,0.0,0.04419417382415922,0.5816104112929877,0.8931658523527536,0.0,0.0,0.0,1.0,,0
FP16,blk.9.attn_qkv.weight,B09,float16,2304x768,1769472,-6.988805580476765e-05,0.09957353612123741,0.1262170153437613,0.12621699599478248,-1.7890625,1.986328125,1.986328125,0.0,0,0.0,0.08275001993934437,0.3401147416511379,0.4607748694004243,0.0,0.0,0.0,1.0,,0
INT4,blk.9.attn_qkv.weight,B09,Q4_HP1,2304x768,1769472,-0.00015416851750126593,0.09864046838548449,0.12716121031049749,0.1271611168545589,-1.75,1.75,1.75,0.1769985622829861,313194,0.1769985622829861,0.07303072048726182,0.3490110118054029,0.47774458398418757,0.016609221747445987,0.236328125,0.1315925725403152,0.9914337597603637,17.615372456962227,0
INT8,blk.9.attn_qkv.weight,B09,Q8_HP1,2304x768,1769472,-7.049960118752938e-05,0.09960395373679974,0.12626313603031578,0.1262631163484264,-1.796875,1.984375,1.984375,0.011442396375868056,20247,0.011442396375868056,0.08222086434414534,0.3396448121853549,0.4616868953369724,0.0010376043108612468,0.0078125,0.008220795809782503,0.9999662883380761,41.70172277555405,0
FP16,blk.9.attn_output.bias,auxiliary,float32,768,768,0.002134071085530801,0.15836041614962446,0.20936451335094897,0.20935363668033471,-0.9575082659721375,1.8960130214691162,1.8960130214691162,0.0,0,0.0,0.13123054274239537,0.5346499992908682,1.7507826593885192,0.0,0.0,0.0,1.0,,0
INT4,blk.9.attn_output.bias,auxiliary,F32,768,768,0.002134071085530801,0.15836041614962446,0.20936451335094897,0.20935363668033471,-0.9575082659721375,1.8960130214691162,1.8960130214691162,0.0,0,0.0,0.13123054274239537,0.5346499992908682,1.7507826593885192,0.0,0.0,0.0,1.0,,0
INT8,blk.9.attn_output.bias,auxiliary,F32,768,768,0.002134071085530801,0.15836041614962446,0.20936451335094897,0.20935363668033471,-0.9575082659721375,1.8960130214691162,1.8960130214691162,0.0,0,0.0,0.13123054274239537,0.5346499992908682,1.7507826593885192,0.0,0.0,0.0,1.0,,0
FP16,blk.9.attn_output.weight,B09,float16,768x768,589824,-2.7880725004555035e-05,0.10552901111360471,0.1368194372469369,0.13681943440620442,-1.6591796875,1.9873046875,1.9873046875,0.0,0,0.0,0.08592974820290841,0.3779579520075721,0.5906577672047266,0.0,0.0,0.0,1.0,,0
INT4,blk.9.attn_output.weight,B09,Q4_HP1,768x768,589824,-6.800558831956651e-05,0.10462799999448988,0.1377383424202367,0.1377383256320271,-1.75,1.75,1.75,0.1696285671657986,100051,0.1696285671657986,0.07373053715215394,0.3915115513415593,0.6109876202525003,0.01734835262333738,0.2373046875,0.12679742712306596,0.992037239238262,17.937791174762626,0
INT8,blk.9.attn_output.weight,B09,Q8_HP1,768x768,589824,-2.7775454024473827e-05,0.10556094586435291,0.13687019497165787,0.1368701921533823,-1.65625,1.984375,1.984375,0.010633680555555556,6272,0.010633680555555556,0.08586395835203114,0.37837867785478946,0.5892447820213036,0.0010854933962737596,0.0078125,0.007933765977378052,0.999968608138864,42.01041228150331,0
FP16,blk.9.attn_norm.bias,auxiliary,float32,768,768,0.015903317904419605,0.024027158198390925,0.0657780648891041,0.06382662689024195,-0.9785113334655762,1.263987421989441,1.263987421989441,0.0,0,0.0,0.01703918332289465,0.1429253108708627,1.2379902908374394,0.0,0.0,0.0,1.0,,0
INT4,blk.9.attn_norm.bias,auxiliary,F32,768,768,0.015903317904419605,0.024027158198390925,0.0657780648891041,0.06382662689024195,-0.9785113334655762,1.263987421989441,1.263987421989441,0.0,0,0.0,0.01703918332289465,0.1429253108708627,1.2379902908374394,0.0,0.0,0.0,1.0,,0
INT8,blk.9.attn_norm.bias,auxiliary,F32,768,768,0.015903317904419605,0.024027158198390925,0.0657780648891041,0.06382662689024195,-0.9785113334655762,1.263987421989441,1.263987421989441,0.0,0,0.0,0.01703918332289465,0.1429253108708627,1.2379902908374394,0.0,0.0,0.0,1.0,,0
FP16,blk.9.attn_norm.weight,auxiliary,float32,768,768,0.3575560567163241,0.3575560567163241,0.36061964370929384,0.04690622276938153,0.06960999220609665,0.9449954032897949,0.9449954032897949,0.0,0,0.0,0.3560954525616204,0.47963205966263145,0.9356234978313978,0.0,0.0,0.0,1.0,,0
INT4,blk.9.attn_norm.weight,auxiliary,F32,768,768,0.3575560567163241,0.3575560567163241,0.36061964370929384,0.04690622276938153,0.06960999220609665,0.9449954032897949,0.9449954032897949,0.0,0,0.0,0.3560954525616204,0.47963205966263145,0.9356234978313978,0.0,0.0,0.0,1.0,,0
INT8,blk.9.attn_norm.weight,auxiliary,F32,768,768,0.3575560567163241,0.3575560567163241,0.36061964370929384,0.04690622276938153,0.06960999220609665,0.9449954032897949,0.9449954032897949,0.0,0,0.0,0.3560954525616204,0.47963205966263145,0.9356234978313978,0.0,0.0,0.0,1.0,,0
FP16,blk.9.ffn_norm.bias,auxiliary,float32,768,768,0.006400738436847557,0.02475839745701099,0.04612690300102662,0.04568064938164935,-0.5610078573226929,0.5137321352958679,0.5610078573226929,0.0,0,0.0,0.01819896228856962,0.1321272550701711,0.5688026139362514,0.0,0.0,0.0,1.0,,0
INT4,blk.9.ffn_norm.bias,auxiliary,F32,768,768,0.006400738436847557,0.02475839745701099,0.04612690300102662,0.04568064938164935,-0.5610078573226929,0.5137321352958679,0.5610078573226929,0.0,0,0.0,0.01819896228856962,0.1321272550701711,0.5688026139362514,0.0,0.0,0.0,1.0,,0
INT8,blk.9.ffn_norm.bias,auxiliary,F32,768,768,0.006400738436847557,0.02475839745701099,0.04612690300102662,0.04568064938164935,-0.5610078573226929,0.5137321352958679,0.5610078573226929,0.0,0,0.0,0.01819896228856962,0.1321272550701711,0.5688026139362514,0.0,0.0,0.0,1.0,,0
FP16,blk.9.ffn_norm.weight,auxiliary,float32,768,768,0.2649750673105397,0.2649750673105397,0.26820406790750756,0.041492598688318796,0.017738385125994682,0.9475935101509094,0.9475935101509094,0.0,0,0.0,0.26842830181806515,0.3601492154579369,0.8753913296942596,0.0,0.0,0.0,1.0,,0
INT4,blk.9.ffn_norm.weight,auxiliary,F32,768,768,0.2649750673105397,0.2649750673105397,0.26820406790750756,0.041492598688318796,0.017738385125994682,0.9475935101509094,0.9475935101509094,0.0,0,0.0,0.26842830181806515,0.3601492154579369,0.8753913296942596,0.0,0.0,0.0,1.0,,0
INT8,blk.9.ffn_norm.weight,auxiliary,F32,768,768,0.2649750673105397,0.2649750673105397,0.26820406790750756,0.041492598688318796,0.017738385125994682,0.9475935101509094,0.9475935101509094,0.0,0,0.0,0.26842830181806515,0.3601492154579369,0.8753913296942596,0.0,0.0,0.0,1.0,,0
FP16,blk.9.ffn_up.bias,auxiliary,float32,3072,3072,-0.0836674521150987,0.10069449319412627,0.12461315585415249,0.09234823262249779,-0.47763657569885254,0.6102903485298157,0.6102903485298157,0.0,0,0.0,0.08773265947905158,0.3362410023745328,0.45707410748199384,0.0,0.0,0.0,1.0,,0
INT4,blk.9.ffn_up.bias,auxiliary,F32,3072,3072,-0.0836674521150987,0.10069449319412627,0.12461315585415249,0.09234823262249779,-0.47763657569885254,0.6102903485298157,0.6102903485298157,0.0,0,0.0,0.08773265947905158,0.3362410023745328,0.45707410748199384,0.0,0.0,0.0,1.0,,0
INT8,blk.9.ffn_up.bias,auxiliary,F32,3072,3072,-0.0836674521150987,0.10069449319412627,0.12461315585415249,0.09234823262249779,-0.47763657569885254,0.6102903485298157,0.6102903485298157,0.0,0,0.0,0.08773265947905158,0.3362410023745328,0.45707410748199384,0.0,0.0,0.0,1.0,,0
FP16,blk.9.ffn_up.weight,B09,float16,3072x768,2359296,-0.0027408992868408356,0.10124999686715658,0.12764869536960877,0.12761926539775478,-2.78125,2.11328125,2.78125,4.238552517361111e-07,0,0.0,0.0847252938574798,0.34005541415615237,0.4524761617592143,0.0,0.0,0.0,1.0,,0
INT4,blk.9.ffn_up.weight,B09,Q4_HP1,3072x768,2359296,-0.0027820070584615073,0.10033504830466376,0.12860374526364174,0.12857365100424864,-3.0,2.0,3.0,0.17328092787000868,408820,0.17328050401475695,0.07334299176091458,0.3489071553645379,0.4706862393711827,0.016682271154923742,0.21875,0.13068892797235387,0.9915514024197564,17.67522408988789,0
INT8,blk.9.ffn_up.weight,B09,Q8_HP1,3072x768,2359296,-0.0027420802248848807,0.10128041687938902,0.12769498744839808,0.12766554278851766,-2.78125,2.125,2.78125,0.011007944742838541,25970,0.011007520887586806,0.08452292777182122,0.3395474845164519,0.4533725769123247,0.0010416245432064255,0.014892578125,0.008160087654561493,0.9999667842887904,41.766103521766134,0
FP16,blk.9.ffn_down.bias,auxiliary,float32,768,768,0.0007137329613821445,0.11577891922221777,0.1590809155227885,0.15907931439639914,-1.2829995155334473,1.4896031618118286,1.4896031618118286,0.0,0,0.0,0.09781682278533356,0.3601492154579369,1.472226862168171,0.0,0.0,0.0,1.0,,0
INT4,blk.9.ffn_down.bias,auxiliary,F32,768,768,0.0007137329613821445,0.11577891922221777,0.1590809155227885,0.15907931439639914,-1.2829995155334473,1.4896031618118286,1.4896031618118286,0.0,0,0.0,0.09781682278533356,0.3601492154579369,1.472226862168171,0.0,0.0,0.0,1.0,,0
INT8,blk.9.ffn_down.bias,auxiliary,F32,768,768,0.0007137329613821445,0.11577891922221777,0.1590809155227885,0.15907931439639914,-1.2829995155334473,1.4896031618118286,1.4896031618118286,0.0,0,0.0,0.09781682278533356,0.3601492154579369,1.472226862168171,0.0,0.0,0.0,1.0,,0
FP16,blk.9.ffn_down.weight,B09,float16,768x3072,2359296,3.479124832968713e-05,0.12123824988452725,0.15587385377008864,0.1558738498873625,-5.48828125,4.8671875,5.48828125,0.0,0,0.0,0.09946208621149293,0.4275089346641635,0.6340854834479772,0.0,0.0,0.0,1.0,,0
INT4,blk.9.ffn_down.weight,B09,Q4_HP1,768x3072,2359296,-1.2480550342135959e-05,0.12004893355899388,0.1570434790512742,0.1570434785553474,-5.0,5.0,5.0,0.17911529541015625,422586,0.17911529541015625,0.128203652032297,0.44722344302020633,0.6664801758740004,0.020832182430902728,0.48828125,0.13364770246605856,0.9911636036753232,17.48077005575297,0
INT8,blk.9.ffn_down.weight,B09,Q8_HP1,768x3072,2359296,3.388123069372442e-05,0.12127482831581599,0.15593067732402474,0.15593067364310118,-5.5,4.875,5.5,0.0114288330078125,26964,0.0114288330078125,0.10058389848009669,0.42884534788773854,0.6308929582585133,0.00130053958505997,0.03125,0.00834353904522207,0.9999652717859575,41.572993946966804,0
FP16,output_norm.bias,auxiliary,float32,768,768,-0.0031384655626804183,0.09622282448238668,0.41938540771370464,0.419373664214984,-4.191765308380127,7.368323802947998,7.368323802947998,0.0,0,0.0,0.03252498738683221,0.9709709243423483,7.003130637554077,0.0,0.0,0.0,1.0,,0
INT4,output_norm.bias,auxiliary,F32,768,768,-0.0031384655626804183,0.09622282448238668,0.41938540771370464,0.419373664214984,-4.191765308380127,7.368323802947998,7.368323802947998,0.0,0,0.0,0.03252498738683221,0.9709709243423483,7.003130637554077,0.0,0.0,0.0,1.0,,0
INT8,output_norm.bias,auxiliary,F32,768,768,-0.0031384655626804183,0.09622282448238668,0.41938540771370464,0.419373664214984,-4.191765308380127,7.368323802947998,7.368323802947998,0.0,0,0.0,0.03252498738683221,0.9709709243423483,7.003130637554077,0.0,0.0,0.0,1.0,,0
FP16,output_norm.weight,auxiliary,float32,768,768,1.5078086526585441,1.5078086526585441,2.0508691668923227,1.3901717184138207,0.004427497740834951,17.4193172454834,17.4193172454834,0.0,0,0.0,1.2902129964920004,8.969328624228021,17.8024019293573,0.0,0.0,0.0,1.0,,0
INT4,output_norm.weight,auxiliary,F32,768,768,1.5078086526585441,1.5078086526585441,2.0508691668923227,1.3901717184138207,0.004427497740834951,17.4193172454834,17.4193172454834,0.0,0,0.0,1.2902129964920004,8.969328624228021,17.8024019293573,0.0,0.0,0.0,1.0,,0
INT8,output_norm.weight,auxiliary,F32,768,768,1.5078086526585441,1.5078086526585441,2.0508691668923227,1.3901717184138207,0.004427497740834951,17.4193172454834,17.4193172454834,0.0,0,0.0,1.2902129964920004,8.969328624228021,17.8024019293573,0.0,0.0,0.0,1.0,,0
FP16,position_embd.weight,auxiliary,float32,1024x768,786432,-0.0006787167788133555,0.033445030444996596,0.1226931250605317,0.122691247775273,-4.538113594055176,4.065310955047607,4.538113594055176,0.0,0,0.0,0.0034569169583275735,0.6923549333948709,1.0427111315779554,0.0,0.0,0.0,1.0,,0
INT4,position_embd.weight,auxiliary,F32,1024x768,786432,-0.0006787167788133555,0.033445030444996596,0.1226931250605317,0.122691247775273,-4.538113594055176,4.065310955047607,4.538113594055176,0.0,0,0.0,0.0034569169583275735,0.6923549333948709,1.0427111315779554,0.0,0.0,0.0,1.0,,0
INT8,position_embd.weight,auxiliary,F32,1024x768,786432,-0.0006787167788133555,0.033445030444996596,0.1226931250605317,0.122691247775273,-4.538113594055176,4.065310955047607,4.538113594055176,0.0,0,0.0,0.0034569169583275735,0.6923549333948709,1.0427111315779554,0.0,0.0,0.0,1.0,,0
FP16,token_embd.weight,E,float16,50257x768,38597376,0.00037982558571660085,0.11323971466888091,0.14369601537280144,0.14369551338349024,-1.26953125,1.78515625,1.78515625,3.88627454881907e-07,0,0.0,0.09407600167884403,0.3913481894272961,0.5596858197712574,0.0,0.0,0.0,1.0,,0
INT4,token_embd.weight,E,Q4_HP1,50257x768,38597376,0.0003651531421462433,0.11215876153407424,0.14473562509766233,0.1447351644749604,-1.25,1.75,1.75,0.17510143694742358,6758441,0.1751010483199687,0.1252018193153689,0.40286829592912027,0.5842102388099605,0.01881784534622078,0.125,0.130955930109824,0.99151284597054,17.65749661057701,0
INT8,token_embd.weight,E,Q8_HP1,50257x768,38597376,0.0003780601278763095,0.11327615103574333,0.14375184873706556,0.14375135159665067,-1.265625,1.78125,1.78125,0.01105031077760312,426498,0.011049922150148238,0.09483082560104776,0.39171725869306256,0.5590708910145483,0.001175974339223814,0.0078125,0.008183764429186814,0.9999666014632512,41.74093760687764,0
