precision,tensor,group,storage,shape,count,mean,mean_abs,rms,std,min,max,max_abs,zero_fraction,zeroed_nonzero_count,zeroed_nonzero_fraction,p50_abs_approx,p99_abs_approx,p999_abs_approx,rmse,max_abs_error,relative_l2_error,cosine,sqnr_db,outside_histogram
FP16,rope_freqs.weight,auxiliary,float32,32,32,14.925322592258453,14.925322592258453,21.255890042970705,15.134318849419044,1.0,32.0,32.0,0.0,0,0.0,1.681792830507429,37.90419746108062,38.039557831671374,0.0,0.0,0.0,1.0,,0
INT4,rope_freqs.weight,auxiliary,F32,32,32,14.925322592258453,14.925322592258453,21.255890042970705,15.134318849419044,1.0,32.0,32.0,0.0,0,0.0,1.681792830507429,37.90419746108062,38.039557831671374,0.0,0.0,0.0,1.0,,0
INT8,rope_freqs.weight,auxiliary,F32,32,32,14.925322592258453,14.925322592258453,21.255890042970705,15.134318849419044,1.0,32.0,32.0,0.0,0,0.0,1.681792830507429,37.90419746108062,38.039557831671374,0.0,0.0,0.0,1.0,,0
FP16,token_embd.weight,E,float16,128256x2048,262668288,-0.00010652810797473067,0.017225548909375117,0.02190679554603138,0.021906536532684293,-0.302734375,0.345703125,0.345703125,1.1154753481318613e-06,0,0.0,0.014245729015699603,0.06006253038781095,0.08371506973442444,0.0,0.0,0.0,1.0,,0
INT4,token_embd.weight,E,Q4_HP1,128256x2048,262668288,-0.00011808374625242161,0.017104928216296517,0.022110658718146645,0.022110343398039415,-0.3125,0.375,0.375,0.1727765325062765,45382623,0.17277541703092839,0.016742713584464095,0.06331965997301679,0.08648995447880511,0.002855477184904496,0.029296875,0.1303466396490742,0.9916261038772837,17.698003210231523,0
INT8,token_embd.weight,E,Q8_HP1,128256x2048,262668288,-0.00010682409768645278,0.01727359951101987,0.02196914681561001,0.021968887100123683,-0.3046875,0.34765625,0.34765625,0.010906691560726205,2864549,0.010905576085378073,0.014497137964044698,0.060226482441105796,0.08387200790316546,0.0001853501612753396,0.001953125,0.008460852290599731,0.9999683475252074,41.45171773576604,0
FP16,blk.0.attn_norm.weight,auxiliary,float32,2048,2048,0.1442517191171646,0.18538670241832733,0.21806564363573933,0.1635361319892699,-0.62890625,1.078125,1.078125,0.0,0,0.0,0.16336730619132464,0.7129230056436422,1.1077251786504319,0.0,0.0,0.0,1.0,,0
INT4,blk.0.attn_norm.weight,auxiliary,F32,2048,2048,0.1442517191171646,0.18538670241832733,0.21806564363573933,0.1635361319892699,-0.62890625,1.078125,1.078125,0.0,0,0.0,0.16336730619132464,0.7129230056436422,1.1077251786504319,0.0,0.0,0.0,1.0,,0
INT8,blk.0.attn_norm.weight,auxiliary,F32,2048,2048,0.1442517191171646,0.18538670241832733,0.21806564363573933,0.1635361319892699,-0.62890625,1.078125,1.078125,0.0,0,0.0,0.16336730619132464,0.7129230056436422,1.1077251786504319,0.0,0.0,0.0,1.0,,0
FP16,blk.0.ffn_down.weight,B00,float16,2048x8192,16777216,-4.472156280854733e-06,0.013749835899677265,0.01738910540778856,0.01738910483271061,-0.625,0.439453125,0.625,1.0728836059570312e-06,0,0.0,0.011454204271780708,0.04617576369427714,0.06199564560537213,0.0,0.0,0.0,1.0,,0
INT4,blk.0.ffn_down.weight,B00,Q4_HP1,2048x8192,16777216,-1.0597752407193184e-05,0.013658060226589441,0.017566450771932543,0.017566447575146586,-0.625,0.4375,0.625,0.17670512199401855,2964602,0.1767040491104126,0.011578770084692725,0.048217989174903636,0.06595204986436595,0.002277332867954489,0.0546875,0.13096319877010318,0.991562378821806,17.657014516876654,0
INT8,blk.0.ffn_down.weight,B00,Q8_HP1,2048x8192,16777216,-4.5035340008325875e-06,0.013788227130135056,0.01743882138263116,0.017438820801117697,-0.625,0.44140625,0.625,0.011151671409606934,187076,0.011150598526000977,0.011587298035540072,0.04649294385417666,0.06203998006632341,0.00014802809511710427,0.00390625,0.008512691805916748,0.999967945709691,41.398661791009815,0
FP16,blk.0.ffn_gate.weight,B00,float16,8192x2048,16777216,1.512143838766633e-05,0.01551024229959097,0.019663004723426872,0.01966299890900695,-0.609375,0.40234375,0.609375,1.2516975402832031e-06,0,0.0,0.012909661067957033,0.052167733690838165,0.07314084039805076,0.0,0.0,0.0,1.0,,0
INT4,blk.0.ffn_gate.weight,B00,Q4_HP1,8192x2048,16777216,8.004135452210903e-06,0.015419595525600016,0.019846834428699528,0.019846832814684277,-0.625,0.375,0.625,0.16828614473342896,2823352,0.16828489303588867,0.016174399188306817,0.054266330977593424,0.07744178732643353,0.0024721441136798406,0.060791015625,0.12572565324843166,0.9922130325556499,18.01152198366512,0
INT8,blk.0.ffn_gate.weight,B00,Q8_HP1,8192x2048,16777216,1.5234378224704415e-05,0.015553572120552417,0.019719049255539908,0.019719043370714742,-0.609375,0.40234375,0.609375,0.010633349418640137,178377,0.010632097721099854,0.013146613954815574,0.052350714923839414,0.07315414384938851,0.0001611120480654643,0.00390625,0.008193663701535523,0.9999705777685668,41.730437301591195,0
FP16,blk.0.ffn_up.weight,B00,float16,8192x2048,16777216,-1.596546766791107e-06,0.013878998075497861,0.0174944241492339,0.017494424076383214,-0.302734375,0.193359375,0.302734375,1.6093254089355469e-06,0,0.0,0.011580594932540034,0.04627337610805073,0.06079485113652724,0.0,0.0,0.0,1.0,,0
INT4,blk.0.ffn_up.weight,B00,Q4_HP1,8192x2048,16777216,-6.9462694227695465e-06,0.013793328078463674,0.017667431312300464,0.017667429946774827,-0.3125,0.1875,0.3125,0.17351257801055908,2911031,0.17351096868515015,0.012134939685877266,0.04827415813497926,0.06217115944347766,0.0022393865049392943,0.031005859375,0.1280057283301525,0.9919359135968807,17.85541189977543,0
INT8,blk.0.ffn_up.weight,B00,Q8_HP1,8192x2048,16777216,-1.5965488273650408e-06,0.013917731150286272,0.01754438319900428,0.017544383126360853,-0.3046875,0.193359375,0.3046875,0.010973930358886719,184085,0.010972321033477783,0.011723882800323883,0.046594310355211555,0.06087974933241394,0.00014570393289690327,0.001953125,0.008328592679244249,0.9999694819703195,41.58856754274905,0
FP16,blk.0.ffn_norm.weight,auxiliary,float32,2048,2048,0.2092537718708627,0.21017887227935717,0.211087834612697,0.027765678080937953,-0.2275390625,0.416015625,0.416015625,0.0,0,0.0,0.21000886986607845,0.2745612630816878,0.3456179374680103,0.0,0.0,0.0,1.0,,0
INT4,blk.0.ffn_norm.weight,auxiliary,F32,2048,2048,0.2092537718708627,0.21017887227935717,0.211087834612697,0.027765678080937953,-0.2275390625,0.416015625,0.416015625,0.0,0,0.0,0.21000886986607845,0.2745612630816878,0.3456179374680103,0.0,0.0,0.0,1.0,,0
INT8,blk.0.ffn_norm.weight,auxiliary,F32,2048,2048,0.2092537718708627,0.21017887227935717,0.211087834612697,0.027765678080937953,-0.2275390625,0.416015625,0.416015625,0.0,0,0.0,0.21000886986607845,0.2745612630816878,0.3456179374680103,0.0,0.0,0.0,1.0,,0
FP16,blk.0.attn_k.weight,B00,float16,512x2048,1048576,-2.7851968980030506e-05,0.034376667653418735,0.04773457700030266,0.04773456887482747,-0.58203125,0.65625,0.65625,0.0,0,0.0,0.02496329918479889,0.15038854987253916,0.243011418099372,0.0,0.0,0.0,1.0,,0
INT4,blk.0.attn_k.weight,B00,Q4_HP1,512x2048,1048576,-5.2647665143013e-05,0.03400428406894207,0.04823359327252459,0.04823356453967179,-0.625,0.625,0.625,0.20839881896972656,218522,0.20839881896972656,0.03225941868872432,0.1598106284563017,0.2560101417322844,0.006546727125491383,0.0625,0.13714853125125365,0.9907465187279338,17.256176779474323,0
INT8,blk.0.attn_k.weight,B00,Q8_HP1,512x2048,1048576,-2.7827918529510498e-05,0.0344719213899225,0.04787106402944267,0.04787105594112114,-0.5859375,0.65625,0.65625,0.014599800109863281,15309,0.014599800109863281,0.0252561788433948,0.15029800667433557,0.243358059417812,0.0004270910379375724,0.00390625,0.00894720483088945,0.9999641639998739,40.96625240233094,0
FP16,blk.0.attn_output.weight,B00,float16,2048x2048,4194304,-2.8750923064535527e-06,0.008758289128181218,0.011591660181224973,0.011591659824668803,-0.310546875,0.3203125,0.3203125,2.86102294921875e-06,0,0.0,0.006848687516479351,0.03423906378356901,0.051473118136388996,0.0,0.0,0.0,1.0,,0
INT4,blk.0.attn_output.weight,B00,Q4_HP1,2048x2048,4194304,-9.236857295036316e-06,0.008692735806107521,0.011706446144209015,0.011706442500082312,-0.3125,0.3125,0.3125,0.17747211456298828,744360,0.17746925354003906,0.00827755919707642,0.03627102414549739,0.0524781615979302,0.0015532728693166977,0.03125,0.13399917225252478,0.9911586910024689,17.457957687520448,0
INT8,blk.0.attn_output.weight,B00,Q8_HP1,2048x2048,4194304,-2.862958353944123e-06,0.008782780074398033,0.011624843400095534,0.011624843047551833,-0.3125,0.3203125,0.3203125,0.011165142059326172,46818,0.011162281036376953,0.0069551638553347886,0.03433869235936851,0.05168717543665067,0.00010066977105513205,0.001953125,0.008684672383528548,0.999966481654758,41.2249312005481,0
FP16,blk.0.attn_q.weight,B00,float16,2048x2048,4194304,7.262798504825696e-07,0.026542062893000207,0.03687497737070025,0.036874977363547945,-0.70703125,0.59765625,0.70703125,9.5367431640625e-07,0,0.0,0.019464106934448857,0.11713682546094809,0.1889796091518289,0.0,0.0,0.0,1.0,,0
INT4,blk.0.attn_q.weight,B00,Q4_HP1,2048x2048,4194304,-1.80085189640522e-05,0.026257561054080725,0.037225904416394416,0.03722590006046567,-0.75,0.625,0.75,0.21033191680908203,882192,0.21033096313476562,0.018174162575647582,0.12789393988252354,0.19698652159842953,0.004927741900095159,0.062255859375,0.1336337606544701,0.9912000388639809,17.481676194439192,0
INT8,blk.0.attn_q.weight,B00,Q8_HP1,2048x2048,4194304,6.989284884184599e-07,0.026615611132001504,0.03698018900847944,0.03698018900187454,-0.7109375,0.6015625,0.7109375,0.0156400203704834,65595,0.015639066696166992,0.01931483774052045,0.11781819083460172,0.19024032331313936,0.00032289203770672004,0.00390625,0.00875639961648574,0.999965830596409,41.153488534420205,0
FP16,blk.0.attn_v.weight,B00,float16,512x2048,1048576,-1.883580011963204e-07,0.006763803753813136,0.009143868304491714,0.009143868302551685,-0.061767578125,0.06982421875,0.06982421875,5.7220458984375e-06,0,0.0,0.0050779971335804955,0.027979313049174767,0.03940514447242975,0.0,0.0,0.0,1.0,,0
INT4,blk.0.attn_v.weight,B00,Q4_HP1,512x2048,1048576,-6.084330379962921e-06,0.006686209701001644,0.009229514045372728,0.00922951203989985,-0.0625,0.0625,0.0625,0.21859455108642578,229207,0.21858882904052734,0.004583843280525207,0.02926686585581053,0.04162367974406559,0.0012254631842347366,0.0074462890625,0.13402021370241696,0.99114608640146,17.45659387787427,0
INT8,blk.0.attn_v.weight,B00,Q8_HP1,512x2048,1048576,-1.73225998878479e-07,0.006782475742511451,0.009169972305233016,0.009169972303596848,-0.06201171875,0.0703125,0.0703125,0.016684532165527344,17489,0.016678810119628906,0.005060123439006515,0.028147213481731815,0.03942446933972934,8.033522851457939e-05,0.00048828125,0.008785693957897071,0.9999655790243779,41.124478581649456,0
FP16,blk.1.attn_norm.weight,auxiliary,float32,2048,2048,0.34186884115842986,0.34218464016521466,0.3535221854052831,0.09002017006604461,-0.1630859375,0.8984375,0.8984375,0.0,0,0.0,0.3217140831211802,0.6799833982360891,0.8884320435190451,0.0,0.0,0.0,1.0,,0
INT4,blk.1.attn_norm.weight,auxiliary,F32,2048,2048,0.34186884115842986,0.34218464016521466,0.3535221854052831,0.09002017006604461,-0.1630859375,0.8984375,0.8984375,0.0,0,0.0,0.3217140831211802,0.6799833982360891,0.8884320435190451,0.0,0.0,0.0,1.0,,0
INT8,blk.1.attn_norm.weight,auxiliary,F32,2048,2048,0.34186884115842986,0.34218464016521466,0.3535221854052831,0.09002017006604461,-0.1630859375,0.8984375,0.8984375,0.0,0,0.0,0.3217140831211802,0.6799833982360891,0.8884320435190451,0.0,0.0,0.0,1.0,,0
FP16,blk.1.ffn_down.weight,B01,float16,2048x8192,16777216,-1.4865963890997591e-06,0.013595544265875503,0.01719958128617777,0.01719958122193293,-0.7109375,0.609375,0.7109375,1.5497207641601562e-06,0,0.0,0.011298401384475928,0.04557228158435339,0.06086157127368919,0.0,0.0,0.0,1.0,,0
INT4,blk.1.ffn_down.weight,B01,Q4_HP1,2048x8192,16777216,-7.0480164140462875e-06,0.013507121242582798,0.0173726484239972,0.01737264699432061,-0.75,0.625,0.75,0.17544007301330566,2943370,0.1754385232925415,0.009286390892851782,0.04769345955251285,0.06235705233393415,0.0022309555648661375,0.0615234375,0.129709876522344,0.9917215984440807,17.740539081888322,0
INT8,blk.1.ffn_down.weight,B01,Q8_HP1,2048x8192,16777216,-1.504093233961612e-06,0.013633542512252461,0.017248753829469256,0.01724875376389071,-0.7109375,0.609375,0.7109375,0.011125802993774414,186634,0.011124253273010254,0.011420477192256012,0.04591760602772928,0.06095452111274494,0.00014520546301435792,0.00390625,0.008442383602154924,0.9999685397867377,41.47069836816621,0
FP16,blk.1.ffn_gate.weight,B01,float16,8192x2048,16777216,1.3399859440710316e-05,0.016036048664624047,0.02050163266022072,0.020501628281148692,-0.6640625,0.84375,0.84375,1.3113021850585938e-06,0,0.0,0.013234081250679486,0.055998132950192944,0.08017222241205549,0.0,0.0,0.0,1.0,,0
INT4,blk.1.ffn_gate.weight,B01,Q4_HP1,8192x2048,16777216,4.4656917452812195e-06,0.01593790133483708,0.02069119242961549,0.02069119194770989,-0.625,0.875,0.875,0.169045090675354,2836084,0.16904377937316895,0.016319218310383816,0.05869454367680988,0.08427089311525873,0.0025923563217484943,0.0625,0.12644633550470535,0.9921212546543042,17.96187504535493,0
INT8,blk.1.ffn_gate.weight,B01,Q8_HP1,8192x2048,16777216,1.3479679182637483e-05,0.016080879235232715,0.020560019190560837,0.020560014771747587,-0.6640625,0.84375,0.84375,0.01072150468826294,179855,0.01072019338607788,0.013454883564139526,0.05633648732879603,0.08024527949274428,0.00016884232427125044,0.00390625,0.008235555044299223,0.9999702278621039,41.686142515062,0
FP16,blk.1.ffn_up.weight,B01,float16,8192x2048,16777216,8.326266524250059e-06,0.013723665804469931,0.017397875399142684,0.01739787340675233,-1.125,1.0234375,1.125,1.2516975402832031e-06,0,0.0,0.011412968810376898,0.04594118207106846,0.06103749250276502,0.0,0.0,0.0,1.0,,0
INT4,blk.1.ffn_up.weight,B01,Q4_HP1,8192x2048,16777216,2.452055923640728e-06,0.0136349304812029,0.01757375412838843,0.017573753957321445,-1.25,1.0,1.25,0.17607808113098145,2954079,0.17607682943344116,0.011313565628323082,0.04798361649548835,0.06243794873289561,0.002251399819350742,0.125,0.12940659521344108,0.991761350806588,17.76087178527612,0
INT8,blk.1.ffn_up.weight,B01,Q8_HP1,8192x2048,16777216,8.273491403087974e-06,0.013762008136836812,0.017447529099919316,0.01744752713830448,-1.125,1.03125,1.125,0.011115431785583496,186465,0.011114180088043213,0.011544604837050953,0.04626269212888299,0.06112003734287272,0.0001463769878664267,0.0078125,0.008413497884554325,0.9999687683470725,41.50046820263019,0
FP16,blk.1.ffn_norm.weight,auxiliary,float32,2048,2048,0.26199514489962894,0.2626624441600143,0.264510495110915,0.03639156595756539,-0.189453125,0.80078125,0.80078125,0.0,0,0.0,0.2692807674523685,0.29699775763187797,0.3531859848222765,0.0,0.0,0.0,1.0,,0
INT4,blk.1.ffn_norm.weight,auxiliary,F32,2048,2048,0.26199514489962894,0.2626624441600143,0.264510495110915,0.03639156595756539,-0.189453125,0.80078125,0.80078125,0.0,0,0.0,0.2692807674523685,0.29699775763187797,0.3531859848222765,0.0,0.0,0.0,1.0,,0
INT8,blk.1.ffn_norm.weight,auxiliary,F32,2048,2048,0.26199514489962894,0.2626624441600143,0.264510495110915,0.03639156595756539,-0.189453125,0.80078125,0.80078125,0.0,0,0.0,0.2692807674523685,0.29699775763187797,0.3531859848222765,0.0,0.0,0.0,1.0,,0
FP16,blk.1.attn_k.weight,B01,float16,512x2048,1048576,4.169911790086189e-05,0.03042578824067732,0.040610255974357745,0.04061023456576464,-0.30859375,0.29296875,0.30859375,0.0,0,0.0,0.023111934108163684,0.12256127594823235,0.17341126459722342,0.0,0.0,0.0,1.0,,0
INT4,blk.1.attn_k.weight,B01,Q4_HP1,512x2048,1048576,2.014264464378357e-05,0.030197255313396454,0.04099122391987948,0.04099121897094018,-0.3125,0.3125,0.3125,0.17464923858642578,183133,0.17464923858642578,0.031267952627680236,0.13363120937814435,0.17807481827366806,0.0053424404492009555,0.03125,0.13155397130651666,0.9914707917818174,17.617920740927286,0
INT8,blk.1.attn_k.weight,B01,Q8_HP1,512x2048,1048576,4.2478786781430244e-05,0.030510009499266744,0.040725739477710056,0.04072571732405686,-0.30859375,0.29296875,0.30859375,0.011265754699707031,11813,0.011265754699707031,0.023276132392353724,0.1229314399101836,0.17388379172810156,0.0003470552607085291,0.001953125,0.008546000323850897,0.9999676183461744,41.36474190122443,0
FP16,blk.1.attn_output.weight,B01,float16,2048x2048,4194304,3.745928466969417e-06,0.009797146056570227,0.012905030185449173,0.012905029641785958,-0.5390625,0.462890625,0.5390625,2.384185791015625e-06,0,0.0,0.007837186285613819,0.03633652381905268,0.05991149419468757,0.0,0.0,0.0,1.0,,0
INT4,blk.1.attn_output.weight,B01,Q4_HP1,2048x2048,4194304,-4.786765202879906e-06,0.009727483848109841,0.013025696291336687,0.013025695411801291,-0.5,0.4375,0.5,0.172501802444458,723515,0.172499418258667,0.008587299850761346,0.038246488550613154,0.06591396140925507,0.00170513006052579,0.052001953125,0.13212910283994359,0.9913951226126856,17.580030277424278,0
INT8,blk.1.attn_output.weight,B01,Q8_HP1,2048x2048,4194304,3.7335994420573115e-06,0.009824414722970687,0.012941881869563401,0.012941881331010924,-0.5390625,0.46484375,0.5390625,0.010893583297729492,45681,0.010891199111938477,0.007966147654370837,0.03635433949144063,0.06026120957024009,0.00011072790340884898,0.00390625,0.00858021266263276,0.9999673604244699,41.33003895849595,0
FP16,blk.1.attn_q.weight,B01,float16,2048x2048,4194304,-7.428853251667533e-06,0.020963293898688562,0.02846317922407646,0.028463178254615862,-0.39453125,0.4140625,0.4140625,9.5367431640625e-07,0,0.0,0.01562689952678416,0.08778422050277544,0.13000387039986175,0.0,0.0,0.0,1.0,,0
INT4,blk.1.attn_q.weight,B01,Q4_HP1,2048x2048,4194304,-2.2943946532905102e-05,0.020816821022890508,0.028735384273465808,0.02873537511359585,-0.375,0.4375,0.4375,0.17583441734313965,737499,0.17583346366882324,0.017154668003444635,0.09250211957059705,0.1394838408461473,0.003709217186966109,0.03125,0.13031633457967876,0.9916345580255426,17.700022879424722,0
INT8,blk.1.attn_q.weight,B01,Q8_HP1,2048x2048,4194304,-7.325215847231448e-06,0.02102164560346864,0.02854423867980738,0.028544237739884116,-0.39453125,0.4140625,0.4140625,0.012309789657592773,51627,0.012308835983276367,0.01590386672667766,0.08808457517102082,0.1303806316146512,0.00024129442019980895,0.001953125,0.008477423351067635,0.9999682123576813,41.434722564430395,0
FP16,blk.1.attn_v.weight,B01,float16,512x2048,1048576,1.4129595854228683e-05,0.0074811930886085065,0.009775304385251895,0.009775294173519583,-0.07373046875,0.091796875,0.091796875,0.0,0,0.0,0.005881347828226373,0.02814877317728962,0.039255398279040635,0.0,0.0,0.0,1.0,,0
INT4,blk.1.attn_v.weight,B01,Q4_HP1,512x2048,1048576,8.35023820400238e-06,0.007425762712955475,0.009868682006634748,0.00986867847391931,-0.078125,0.09375,0.09375,0.18195343017578125,190792,0.18195343017578125,0.007870138166350005,0.029400038466005536,0.041622880622217605,0.001274347777426055,0.0078125,0.1303639996467708,0.9916282086772782,17.696846471674633,0
INT8,blk.1.attn_v.weight,B01,Q8_HP1,512x2048,1048576,1.4111807104200125e-05,0.0075021093362011015,0.009803235269561315,0.00980322511254695,-0.07421875,0.091796875,0.091796875,0.012509346008300781,13117,0.012509346008300781,0.0059415073987743325,0.028299394457652664,0.039288096581934925,8.299638520533378e-05,0.00048828125,0.008490414409044009,0.999968129549205,41.421422234770475,0
FP16,blk.10.attn_norm.weight,auxiliary,float32,2048,2048,0.5507230758666992,0.5507230758666992,0.5554475481896922,0.07229157971619055,0.11083984375,1.1171875,1.1171875,0.0,0,0.0,0.5470086491746223,0.8627765221263065,1.1209070635835414,0.0,0.0,0.0,1.0,,0
INT4,blk.10.attn_norm.weight,auxiliary,F32,2048,2048,0.5507230758666992,0.5507230758666992,0.5554475481896922,0.07229157971619055,0.11083984375,1.1171875,1.1171875,0.0,0,0.0,0.5470086491746223,0.8627765221263065,1.1209070635835414,0.0,0.0,0.0,1.0,,0
INT8,blk.10.attn_norm.weight,auxiliary,F32,2048,2048,0.5507230758666992,0.5507230758666992,0.5554475481896922,0.07229157971619055,0.11083984375,1.1171875,1.1171875,0.0,0,0.0,0.5470086491746223,0.8627765221263065,1.1209070635835414,0.0,0.0,0.0,1.0,,0
FP16,blk.10.ffn_down.weight,B10,float16,2048x8192,16777216,3.4201153198409884e-06,0.013247975131605472,0.016856766712530002,0.016856766365571742,-0.388671875,0.53125,0.53125,1.8477439880371094e-06,0,0.0,0.01091861767554112,0.045268233909854474,0.06155465757027089,0.0,0.0,0.0,1.0,,0
INT4,blk.10.ffn_down.weight,B10,Q4_HP1,2048x8192,16777216,-2.9726652428507805e-06,0.013153446023352444,0.01702917136506424,0.01702917110560538,-0.375,0.5,0.5,0.18030846118927002,3025043,0.18030661344528198,0.009221165681895046,0.04742679038126256,0.0644324537640799,0.0022307032644588317,0.05810546875,0.13233280750101983,0.9913844329347553,17.566649472963572,0
INT8,blk.10.ffn_down.weight,B10,Q8_HP1,2048x8192,16777216,3.4379554563201964e-06,0.013284892433148343,0.01690492588997603,0.016904925540387458,-0.390625,0.53125,0.53125,0.011430978775024414,191749,0.011429131031036377,0.011016227050356564,0.045612351249206075,0.061616501040956735,0.0001448542346784546,0.003662109375,0.008593239566564168,0.9999672527964135,41.31686161126653,0
FP16,blk.10.ffn_gate.weight,B10,float16,8192x2048,16777216,-4.194187961559237e-05,0.01643474612713902,0.021638540193614553,0.021638499545703415,-0.578125,0.44921875,0.578125,1.5497207641601562e-06,0,0.0,0.013017113243263562,0.0641969090693114,0.10115956016286437,0.0,0.0,0.0,1.0,,0
INT4,blk.10.ffn_gate.weight,B10,Q4_HP1,8192x2048,16777216,-5.3397961892187595e-05,0.016324431053362787,0.021844119557266714,0.021844054291496072,-0.625,0.4375,0.625,0.17208147048950195,2887022,0.1720799207687378,0.016254643187038106,0.06977034642188808,0.10324143587977334,0.002811883348094214,0.061279296875,0.12994792268491334,0.9916809357021846,17.724613172615303,0
INT8,blk.10.ffn_gate.weight,B10,Q8_HP1,8192x2048,16777216,-4.195523069938645e-05,0.016480592741572764,0.021700182354335157,0.02170014179608087,-0.578125,0.44921875,0.578125,0.010836005210876465,181772,0.010834455490112305,0.013220596103083475,0.06453989723011758,0.10161042980510654,0.00018263121188984507,0.00390625,0.008440089315439995,0.9999685297015241,41.47305915043121,0
FP16,blk.10.ffn_up.weight,B10,float16,8192x2048,16777216,-5.484704448832645e-06,0.013547048530138994,0.017202145315188468,0.017202144440821254,-0.546875,0.29296875,0.546875,1.430511474609375e-06,0,0.0,0.011186657435101669,0.04652686594161746,0.06205535717805665,0.0,0.0,0.0,1.0,,0
INT4,blk.10.ffn_up.weight,B10,Q4_HP1,8192x2048,16777216,-1.2268545106053352e-05,0.013456743443384767,0.01737225475788887,0.01737225042577367,-0.5,0.3125,0.5,0.1765965223312378,2962774,0.17659509181976318,0.009274692982924085,0.04853364056788715,0.06635972654202626,0.002232764823868763,0.046875,0.12979571925237518,0.9917074342562513,17.734792612304485,0
INT8,blk.10.ffn_up.weight,B10,Q8_HP1,8192x2048,16777216,-5.4698248277418315e-06,0.013584827502199914,0.017251244242611458,0.017251243375457068,-0.546875,0.29296875,0.546875,0.011210858821868896,188063,0.011209428310394287,0.011296991747273406,0.04683071468248567,0.062103087711024324,0.00014510986083308454,0.0037994384765625,0.008435567667537443,0.9999685835912513,41.477713728992896,0
FP16,blk.10.ffn_norm.weight,auxiliary,float32,2048,2048,0.41144824028015137,0.41144824028015137,0.4133560086063028,0.03966781341718593,0.08935546875,0.52734375,0.52734375,0.0,0,0.0,0.42367282907536025,0.49874338305547383,0.553862589325216,0.0,0.0,0.0,1.0,,0
INT4,blk.10.ffn_norm.weight,auxiliary,F32,2048,2048,0.41144824028015137,0.41144824028015137,0.4133560086063028,0.03966781341718593,0.08935546875,0.52734375,0.52734375,0.0,0,0.0,0.42367282907536025,0.49874338305547383,0.553862589325216,0.0,0.0,0.0,1.0,,0
INT8,blk.10.ffn_norm.weight,auxiliary,F32,2048,2048,0.41144824028015137,0.41144824028015137,0.4133560086063028,0.03966781341718593,0.08935546875,0.52734375,0.52734375,0.0,0,0.0,0.42367282907536025,0.49874338305547383,0.553862589325216,0.0,0.0,0.0,1.0,,0
FP16,blk.10.attn_k.weight,B10,float16,512x2048,1048576,2.768195486169134e-06,0.02652463569518204,0.034772432125083,0.03477243201489648,-0.287109375,0.294921875,0.294921875,9.5367431640625e-07,0,0.0,0.02087178346670089,0.10230349421344868,0.14750005767903854,0.0,0.0,0.0,1.0,,0
INT4,blk.10.attn_k.weight,B10,Q4_HP1,512x2048,1048576,-1.7467886209487915e-05,0.02633621171116829,0.03510185821514716,0.03510185386883783,-0.3125,0.3125,0.3125,0.17322540283203125,181639,0.17322444915771484,0.018445029125616755,0.10430562161483801,0.15769227555039456,0.0045471194646600184,0.0311279296875,0.1307679442238372,0.9915745691684469,17.669974073278055,0
INT8,blk.10.attn_k.weight,B10,Q8_HP1,512x2048,1048576,2.3990869522094727e-06,0.02659856202080846,0.034871245008932066,0.03487124492640536,-0.2890625,0.296875,0.296875,0.010964393615722656,11496,0.01096343994140625,0.020870095841072224,0.10277889565829595,0.1475216987602276,0.0002952251831499334,0.001953125,0.008490208050099939,0.9999680865068973,41.42163334729222,0
FP16,blk.10.attn_output.weight,B10,float16,2048x2048,4194304,-6.828013056292548e-06,0.01115679085845045,0.014546668978438072,0.0145466673759487,-0.515625,0.609375,0.609375,1.430511474609375e-06,0,0.0,0.008960662286650779,0.04181681527145471,0.06342046061838559,0.0,0.0,0.0,1.0,,0
INT4,blk.10.attn_output.weight,B10,Q4_HP1,2048x2048,4194304,-1.5349360182881355e-05,0.011084136320278049,0.014683863469822802,0.014683855447311463,-0.5,0.625,0.625,0.17024707794189453,714062,0.17024564743041992,0.008885943567573468,0.043395981919615224,0.06904169890684433,0.001880097631765204,0.05859375,0.12924592114882075,0.9917698423267561,17.771663076945213,0
INT8,blk.10.attn_output.weight,B10,Q8_HP1,2048x2048,4194304,-6.781818228773773e-06,0.011187915559276007,0.014588054543118577,0.014588052966723972,-0.515625,0.609375,0.609375,0.010799646377563477,45291,0.010798215866088867,0.008920096034825858,0.04189531784142237,0.06372429606700805,0.00012210773710213388,0.00390625,0.008394206074471697,0.999968904189891,41.52040746468416,0
FP16,blk.10.attn_q.weight,B10,float16,2048x2048,4194304,-6.288137288379403e-05,0.01929578073006155,0.02687780483309984,0.026877731276637718,-0.318359375,0.396484375,0.396484375,1.6689300537109375e-06,0,0.0,0.013828299065582868,0.08742590422223959,0.1329654722355875,0.0,0.0,0.0,1.0,,0
INT4,blk.10.attn_q.weight,B10,Q4_HP1,2048x2048,4194304,-7.616740185767412e-05,0.01916472625453025,0.027130528744079657,0.027130421826065048,-0.3125,0.375,0.375,0.17319321632385254,726418,0.17319154739379883,0.016587730620097964,0.09232667377260256,0.14199004875453963,0.003486352602454433,0.03125,0.12971121057330592,0.9917096578930342,17.740449748985153,0
INT8,blk.10.attn_q.weight,B10,Q8_HP1,2048x2048,4194304,-6.295410275924951e-05,0.01934950343274977,0.0269540917394683,0.026954018221419584,-0.3203125,0.3984375,0.3984375,0.010960817337036133,45966,0.010959148406982422,0.014043366289472793,0.08770092992042532,0.13329796951093814,0.00022636085380047275,0.001953125,0.008421850489877463,0.9999686531232558,41.4918494544622,0
FP16,blk.10.attn_v.weight,B10,float16,512x2048,1048576,2.026420872880408e-06,0.009512953289743109,0.012518322197206892,0.012518322033192038,-0.16796875,0.1669921875,0.16796875,3.814697265625e-06,0,0.0,0.007588426626210762,0.03558462502067053,0.062267750253536785,0.0,0.0,0.0,1.0,,0
INT4,blk.10.attn_v.weight,B10,Q4_HP1,512x2048,1048576,-7.4785202741622925e-06,0.009387454017996788,0.012647979126278816,0.012647976915322037,-0.15625,0.15625,0.15625,0.2053842544555664,215357,0.20538043975830078,0.008534714514466099,0.037177817318572524,0.06605384930811853,0.0018295368833245568,0.015625,0.14614872939863827,0.9894828421565627,16.70409911999457,0
INT8,blk.10.attn_v.weight,B10,Q8_HP1,512x2048,1048576,1.986045390367508e-06,0.009539248887449503,0.012554069328008987,0.012554069170913458,-0.16796875,0.16796875,0.16796875,0.013380050659179688,14026,0.013376235961914062,0.007776306916354801,0.03562594363519516,0.06236038239436506,0.000118784523956451,0.0009765625,0.009488853385076988,0.9999591745934531,40.45572527436143,0
FP16,blk.11.attn_norm.weight,auxiliary,float32,2048,2048,0.5219564437866211,0.5219564437866211,0.5252684607163296,0.058893349479598484,0.10546875,0.9921875,0.9921875,0.0,0,0.0,0.5347496298467407,0.767905134851049,0.9651332197232819,0.0,0.0,0.0,1.0,,0
INT4,blk.11.attn_norm.weight,auxiliary,F32,2048,2048,0.5219564437866211,0.5219564437866211,0.5252684607163296,0.058893349479598484,0.10546875,0.9921875,0.9921875,0.0,0,0.0,0.5347496298467407,0.767905134851049,0.9651332197232819,0.0,0.0,0.0,1.0,,0
INT8,blk.11.attn_norm.weight,auxiliary,F32,2048,2048,0.5219564437866211,0.5219564437866211,0.5252684607163296,0.058893349479598484,0.10546875,0.9921875,0.9921875,0.0,0,0.0,0.5347496298467407,0.767905134851049,0.9651332197232819,0.0,0.0,0.0,1.0,,0
FP16,blk.11.ffn_down.weight,B11,float16,2048x8192,16777216,-3.403793066070193e-06,0.01359717583636666,0.017259882223598085,0.01725988188796986,-0.341796875,0.384765625,0.384765625,1.6689300537109375e-06,0,0.0,0.011226161739739794,0.04645281352971915,0.061523061086404214,0.0,0.0,0.0,1.0,,0
INT4,blk.11.ffn_down.weight,B11,Q4_HP1,2048x8192,16777216,-9.367242455482483e-06,0.01350835501216352,0.017431059280624526,0.0174310567637024,-0.3125,0.375,0.375,0.1760607361793518,2953781,0.1760590672492981,0.00927818110813043,0.048422462921741655,0.06420652654356546,0.0022315513986636316,0.03125,0.12929122978675986,0.9917726642422194,17.76861867244555,0
INT8,blk.11.ffn_down.weight,B11,Q8_HP1,2048x8192,16777216,-3.3670366974547505e-06,0.013635135153890587,0.017309186848973326,0.017309186521490116,-0.34375,0.38671875,0.38671875,0.01113426685333252,186774,0.011132597923278809,0.01134036384671635,0.04675905343147287,0.06158105856618022,0.0001450895650742753,0.001953125,0.008406173529730446,0.9999688372323018,41.50803298081456,0
FP16,blk.11.ffn_gate.weight,B11,float16,8192x2048,16777216,-2.8238034467165107e-05,0.016738774048192795,0.021892987498316637,0.021892969287304498,-0.47265625,0.640625,0.640625,9.5367431640625e-07,0,0.0,0.013414105557815708,0.06467896113325565,0.10084545317608797,0.0,0.0,0.0,1.0,,0
INT4,blk.11.ffn_gate.weight,B11,Q4_HP1,8192x2048,16777216,-3.695324994623661e-05,0.016632642596960068,0.022101551927802693,0.02210152103531966,-0.5,0.625,0.625,0.17045921087265015,2859815,0.17045825719833374,0.01640579857608338,0.07016245540736071,0.1032383075342333,0.0028167062168496892,0.0615234375,0.12865791921117514,0.991846620893261,17.8112695347603,0
INT8,blk.11.ffn_gate.weight,B11,Q8_HP1,8192x2048,16777216,-2.8334499802440405e-05,0.01678545771574136,0.021955339454483306,0.0219553211709078,-0.47265625,0.640625,0.640625,0.010794579982757568,181087,0.010793626308441162,0.01362943140496947,0.06502971379536308,0.1012983874989535,0.00018316192818799566,0.00390625,0.008366237280411323,0.9999691465551948,41.549396445330196,0
FP16,blk.11.ffn_up.weight,B11,float16,8192x2048,16777216,2.7170561338607513e-06,0.013892443118216136,0.01756258649874899,0.017562586288575106,-0.3046875,0.3203125,0.3203125,1.8477439880371094e-06,0,0.0,0.011538295843276104,0.04703082283098815,0.061579823623171444,0.0,0.0,0.0,1.0,,0
INT4,blk.11.ffn_up.weight,B11,Q4_HP1,8192x2048,16777216,-3.1249364838004112e-06,0.013805623981170356,0.017734325964321666,0.017734325689001698,-0.3125,0.3125,0.3125,0.1733432412147522,2908186,0.17334139347076416,0.011992669242853143,0.04891820838030218,0.06436015129202134,0.002246211023716615,0.03076171875,0.1278975066614827,0.991947666935124,17.862758438607443,0
INT8,blk.11.ffn_up.weight,B11,Q8_HP1,8192x2048,16777216,2.7037567633669823e-06,0.013931249242887134,0.017612747441096005,0.01761274723356732,-0.3046875,0.3203125,0.3203125,0.010914921760559082,183091,0.010913074016571045,0.011675973921927216,0.047323297406276305,0.06163754211552463,0.0001461468253173813,0.001953125,0.008321486435257788,0.9999695421481911,41.595981808390775,0
FP16,blk.11.ffn_norm.weight,auxiliary,float32,2048,2048,0.44622182846069336,0.44622182846069336,0.44933686698992203,0.052817609199152966,0.10986328125,0.53125,0.53125,0.0,0,0.0,0.45227686100929226,0.49919027996934373,0.5441212208354018,0.0,0.0,0.0,1.0,,0
INT4,blk.11.ffn_norm.weight,auxiliary,F32,2048,2048,0.44622182846069336,0.44622182846069336,0.44933686698992203,0.052817609199152966,0.10986328125,0.53125,0.53125,0.0,0,0.0,0.45227686100929226,0.49919027996934373,0.5441212208354018,0.0,0.0,0.0,1.0,,0
INT8,blk.11.ffn_norm.weight,auxiliary,F32,2048,2048,0.44622182846069336,0.44622182846069336,0.44933686698992203,0.052817609199152966,0.10986328125,0.53125,0.53125,0.0,0,0.0,0.45227686100929226,0.49919027996934373,0.5441212208354018,0.0,0.0,0.0,1.0,,0
FP16,blk.11.attn_k.weight,B11,float16,512x2048,1048576,5.070047046729087e-05,0.028866624895101722,0.03774009539878525,0.03774006134297752,-0.416015625,0.4375,0.4375,9.5367431640625e-07,0,0.0,0.022880010790521616,0.10978330880460878,0.1638251162748699,0.0,0.0,0.0,1.0,,0
INT4,blk.11.attn_k.weight,B11,Q4_HP1,512x2048,1048576,3.4417957067489624e-05,0.028654586523771286,0.03810580530884418,0.038105789765333145,-0.4375,0.4375,0.4375,0.17512130737304688,183627,0.17512035369873047,0.0249549730323113,0.11465786727085021,0.1710404260572142,0.005002856491168402,0.03125,0.13256078020749865,0.991344642317596,17.551698969442732,0
INT8,blk.11.attn_k.weight,B11,Q8_HP1,512x2048,1048576,5.054217763245106e-05,0.028947550570592284,0.03784753416148734,0.03784750041407268,-0.41796875,0.4375,0.4375,0.011120796203613281,11660,0.011119842529296875,0.02308137624676517,0.11056943837575038,0.1641558808186376,0.0003243792039066675,0.001953125,0.008595081715588572,0.9999672077928975,41.31499980022386,0
FP16,blk.11.attn_output.weight,B11,float16,2048x2048,4194304,9.66502199162278e-07,0.011557488254084092,0.015146900125140042,0.015146900094304475,-0.6484375,0.515625,0.6484375,1.430511474609375e-06,0,0.0,0.009233825275423038,0.04257053735560612,0.06368074111823789,0.0,0.0,0.0,1.0,,0
INT4,blk.11.attn_output.weight,B11,Q4_HP1,2048x2048,4194304,-7.400522008538246e-06,0.01148081268183887,0.015292906490554748,0.01529290469992949,-0.625,0.5,0.625,0.17214250564575195,722012,0.17214107513427734,0.008935333460952455,0.043909427825970196,0.06909527731595427,0.001961946562617148,0.06005859375,0.12952792626927082,0.9917373632506874,17.752731748700825,0
INT8,blk.11.attn_output.weight,B11,Q8_HP1,2048x2048,4194304,1.0580988600850105e-06,0.011589715228183195,0.015189985803837437,0.015189985766985093,-0.6484375,0.515625,0.6484375,0.011022567749023438,46226,0.011021137237548828,0.009139822133952626,0.04268774228358291,0.06403378862310981,0.00012735039199928604,0.00390625,0.00840768678390613,0.9999687898299247,41.50646951370413,0
FP16,blk.11.attn_q.weight,B11,float16,2048x2048,4194304,-2.5694025538314236e-05,0.020711676970279314,0.027347045749367346,0.027347033678902767,-0.263671875,0.2216796875,0.263671875,4.76837158203125e-07,0,0.0,0.016109961762845088,0.08169861096530003,0.11800684858543366,0.0,0.0,0.0,1.0,,0
INT4,blk.11.attn_q.weight,B11,Q4_HP1,2048x2048,4194304,-3.86284664273262e-05,0.02057530265301466,0.027612359151124574,0.027612332131355267,-0.25,0.21875,0.25,0.17318201065063477,726376,0.17318153381347656,0.0173047824039832,0.08522523385299607,0.12253197812037558,0.0035519928662241227,0.030517578125,0.12988579822397436,0.9916924984630263,17.728766645997705,0
INT8,blk.11.attn_q.weight,B11,Q8_HP1,2048x2048,4194304,-2.587039489299059e-05,0.020769356924574822,0.027424895152240045,0.027424882950233855,-0.265625,0.22265625,0.265625,0.010971307754516602,46015,0.010970830917358398,0.016315917433917887,0.08183067325197953,0.11835856529385877,0.00023051949458382457,0.001953125,0.008429411231345071,0.9999686137705216,41.48405516920774,0
FP16,blk.11.attn_v.weight,B11,float16,512x2048,1048576,7.246671827942919e-06,0.010340002192663178,0.013382270377773162,0.013382268415689937,-0.126953125,0.1318359375,0.1318359375,3.814697265625e-06,0,0.0,0.008327789546118156,0.03752622807381907,0.05469724488172428,0.0,0.0,0.0,1.0,,0
INT4,blk.11.attn_v.weight,B11,Q4_HP1,512x2048,1048576,-5.234032869338989e-07,0.010239334776997566,0.01351725272916537,0.013517252719031985,-0.125,0.125,0.125,0.19383716583251953,203249,0.1938333511352539,0.008728908430155282,0.040119507819922656,0.057558822938692515,0.0018613920180974098,0.0155029296875,0.13909388807365805,0.9904734069227391,17.133839058563275,0
INT8,blk.11.attn_v.weight,B11,Q8_HP1,512x2048,1048576,7.18352384865284e-06,0.010368562769144773,0.013420233388006067,0.01342023146542331,-0.126953125,0.1328125,0.1328125,0.012366294860839844,12963,0.012362480163574219,0.008393268037364355,0.037529668634087916,0.054942617168349375,0.00012038361681970122,0.0009765625,0.008995754339237414,0.9999636650339392,40.91924826030472,0
FP16,blk.12.attn_norm.weight,auxiliary,float32,2048,2048,0.49960827827453613,0.49960827827453613,0.5032646421385782,0.06055467204456544,0.0888671875,1.0,1.0,0.0,0,0.0,0.485262609504616,0.7642440197786463,0.9800239345656002,0.0,0.0,0.0,1.0,,0
INT4,blk.12.attn_norm.weight,auxiliary,F32,2048,2048,0.49960827827453613,0.49960827827453613,0.5032646421385782,0.06055467204456544,0.0888671875,1.0,1.0,0.0,0,0.0,0.485262609504616,0.7642440197786463,0.9800239345656002,0.0,0.0,0.0,1.0,,0
INT8,blk.12.attn_norm.weight,auxiliary,F32,2048,2048,0.49960827827453613,0.49960827827453613,0.5032646421385782,0.06055467204456544,0.0888671875,1.0,1.0,0.0,0,0.0,0.485262609504616,0.7642440197786463,0.9800239345656002,0.0,0.0,0.0,1.0,,0
FP16,blk.12.ffn_down.weight,B12,float16,2048x8192,16777216,1.1294390027671852e-06,0.013979439699550511,0.01774152871087157,0.0177415286749211,-0.37109375,0.62890625,0.62890625,1.430511474609375e-06,0,0.0,0.011520353483404638,0.04796918448230002,0.06214294247650655,0.0,0.0,0.0,1.0,,0
INT4,blk.12.ffn_down.weight,B12,Q4_HP1,2048x8192,16777216,-4.500092472881079e-06,0.013894162548240274,0.01791278720012213,0.01791278663486022,-0.375,0.625,0.625,0.17218470573425293,2888756,0.17218327522277832,0.012018816516411474,0.049718515425577,0.0662237405487508,0.0022530698572826645,0.06005859375,0.12699412175806693,0.992059486022049,17.924327619796976,0
INT8,blk.12.ffn_down.weight,B12,Q8_HP1,2048x8192,16777216,1.1133561201859266e-06,0.014018403406225843,0.017792083515772102,0.017792083480937457,-0.37109375,0.6328125,0.6328125,0.010909616947174072,183009,0.010908186435699463,0.011654184651268851,0.048232635691881964,0.062172126784693894,0.00014664356876157168,0.00390625,0.008265554290804271,0.9999699857087296,41.65456034368753,0
FP16,blk.12.ffn_gate.weight,B12,float16,8192x2048,16777216,-2.053736962182029e-05,0.01668083946940868,0.02178648214698535,0.02178647246704616,-0.515625,0.60546875,0.60546875,1.3709068298339844e-06,0,0.0,0.013450752269663937,0.06358290497130821,0.10253573719869918,0.0,0.0,0.0,1.0,,0
INT4,blk.12.ffn_gate.weight,B12,Q4_HP1,8192x2048,16777216,-2.9149465262889862e-05,0.01657611643895507,0.021993446169385103,0.021993426852455603,-0.5,0.625,0.625,0.1698654294013977,2849846,0.16986405849456787,0.0164127145683635,0.06947909857130373,0.10437197130615569,0.0027978704410235667,0.06103515625,0.1284223135312699,0.9918761501533131,17.827190210456543,0
INT8,blk.12.ffn_gate.weight,B12,Q8_HP1,8192x2048,16777216,-2.0618608687072992e-05,0.016727440684917383,0.02184855600992741,0.021848546280975104,-0.515625,0.609375,0.609375,0.010762333869934082,180539,0.010760962963104248,0.013672231843964162,0.06396631616838445,0.10296027029810939,0.00018193970093327536,0.00390625,0.008351036193259444,0.9999692765806786,41.56519268171745,0
FP16,blk.12.ffn_up.weight,B12,float16,8192x2048,16777216,-1.0382874840786371e-05,0.014286361627128485,0.018023564381695046,0.01802356139105189,-0.23046875,0.259765625,0.259765625,1.3113021850585938e-06,0,0.0,0.011897586738780596,0.04811844077821482,0.061985889758823895,0.0,0.0,0.0,1.0,,0
INT4,blk.12.ffn_up.weight,B12,Q4_HP1,8192x2048,16777216,-1.591094769537449e-05,0.01420197868719697,0.01819789095986308,0.018197884004158556,-0.21875,0.25,0.25,0.1708831787109375,2866922,0.17088186740875244,0.015705124829544385,0.04984436120621269,0.06557805564215609,0.002278624009244213,0.025146484375,0.12642471605441216,0.9921312782462097,17.96336026209747,0
INT8,blk.12.ffn_up.weight,B12,Q8_HP1,8192x2048,16777216,-1.0385687346570194e-05,0.014326276126666926,0.018075008316923873,0.018075005333176682,-0.23046875,0.26171875,0.26171875,0.01075601577758789,180434,0.010754704475402832,0.012062852654214588,0.04838369547461596,0.062016406684882154,0.00014841092948397435,0.001953125,0.008234271886569913,0.9999702566779145,41.687495943546026,0
FP16,blk.12.ffn_norm.weight,auxiliary,float32,2048,2048,0.4678652286529541,0.4678652286529541,0.47149675301360455,0.058406471558304175,0.0966796875,0.51953125,0.51953125,0.0,0,0.0,0.45965161566379825,0.5867815938400103,0.5938166918060741,0.0,0.0,0.0,1.0,,0
INT4,blk.12.ffn_norm.weight,auxiliary,F32,2048,2048,0.4678652286529541,0.4678652286529541,0.47149675301360455,0.058406471558304175,0.0966796875,0.51953125,0.51953125,0.0,0,0.0,0.45965161566379825,0.5867815938400103,0.5938166918060741,0.0,0.0,0.0,1.0,,0
INT8,blk.12.ffn_norm.weight,auxiliary,F32,2048,2048,0.4678652286529541,0.4678652286529541,0.47149675301360455,0.058406471558304175,0.0966796875,0.51953125,0.51953125,0.0,0,0.0,0.45965161566379825,0.5867815938400103,0.5938166918060741,0.0,0.0,0.0,1.0,,0
FP16,blk.12.attn_k.weight,B12,float16,512x2048,1048576,-3.905995356490166e-06,0.02700468306733228,0.0362216587770363,0.03622165856643303,-0.75390625,0.515625,0.75390625,2.86102294921875e-06,0,0.0,0.020360909602640562,0.10849897872939775,0.16190728442552463,0.0,0.0,0.0,1.0,,0
INT4,blk.12.attn_k.weight,B12,Q4_HP1,512x2048,1048576,-2.1554529666900635e-05,0.026753537356853485,0.03657162265314249,0.036571616301253294,-0.75,0.5,0.75,0.18790054321289062,197025,0.1878976821899414,0.01835610567665817,0.11304328774590987,0.1693757159634954,0.004898160704541801,0.056640625,0.13522739901815659,0.9909904971687311,17.378706103267152,0
INT8,blk.12.attn_k.weight,B12,Q8_HP1,512x2048,1048576,-3.769760951399803e-06,0.027079540537670255,0.03632490091419356,0.036324900718582596,-0.7578125,0.515625,0.7578125,0.012051582336425781,12634,0.012048721313476562,0.020305323284011582,0.1092743738329875,0.16208863445408497,0.0003191509239548099,0.00390625,0.008811052136495313,0.9999653435301179,41.099444579111186,0
FP16,blk.12.attn_output.weight,B12,float16,2048x2048,4194304,-3.9820539825541346e-06,0.011829102859422846,0.015422865345724937,0.015422864831658523,-0.57421875,0.69921875,0.69921875,1.6689300537109375e-06,0,0.0,0.009422019146311604,0.04347985297545361,0.06248561369960757,0.0,0.0,0.0,1.0,,0
INT4,blk.12.attn_output.weight,B12,Q4_HP1,2048x2048,4194304,-1.029903069138527e-05,0.011749655939638615,0.015573925770567532,0.015573922365194785,-0.625,0.75,0.75,0.1739950180053711,729781,0.17399334907531738,0.008974179068002994,0.04523256133483625,0.06817698636514632,0.0019998252703760386,0.058837890625,0.12966626016289315,0.9917223731898317,17.743460298103635,0
INT8,blk.12.attn_output.weight,B12,Q8_HP1,2048x2048,4194304,-3.967928932979703e-06,0.011862011393532157,0.01546672570734062,0.015466725198362168,-0.578125,0.703125,0.703125,0.01108551025390625,46489,0.011083841323852539,0.00929962521968958,0.04360495211755778,0.062698384715011,0.00012998456920895556,0.00390625,0.008428042798479465,0.9999686170456954,41.48546535331417,0
FP16,blk.12.attn_q.weight,B12,float16,2048x2048,4194304,-9.838258065997252e-06,0.020089104991782847,0.027283342286936692,0.027283340513119467,-0.376953125,0.345703125,0.376953125,1.1920928955078125e-06,0,0.0,0.01501067976410485,0.08480155442822318,0.13092727937032286,0.0,0.0,0.0,1.0,,0
INT4,blk.12.attn_q.weight,B12,Q4_HP1,2048x2048,4194304,-2.3460364900529385e-05,0.019940154976211488,0.02754420799054189,0.027544197999533594,-0.375,0.375,0.375,0.1759335994720459,737914,0.1759324073791504,0.01698505565558101,0.08816374465493558,0.14040036887641316,0.0036119517457151255,0.03125,0.1323867034958006,0.9913651509687059,17.563112637561417,0
INT8,blk.12.attn_q.weight,B12,Q8_HP1,2048x2048,4194304,-9.95682057691738e-06,0.02014494867034955,0.027361161203116678,0.027361159391456006,-0.37890625,0.34765625,0.37890625,0.011129617691040039,46676,0.011128425598144531,0.015337156494109555,0.08498421502732079,0.1313545491801799,0.00023435375627195885,0.001953125,0.008589627832516978,0.9999672701658824,41.32051305349318,0
FP16,blk.12.attn_v.weight,B12,float16,512x2048,1048576,-3.048624705570546e-06,0.010946692546383474,0.01437733959068432,0.014377339267463441,-0.130859375,0.1796875,0.1796875,1.9073486328125e-06,0,0.0,0.008544022012753475,0.04179766304916709,0.059668926780401796,0.0,0.0,0.0,1.0,,0
INT4,blk.12.attn_v.weight,B12,Q4_HP1,512x2048,1048576,-8.808448910713196e-06,0.010842705145478249,0.014531433074633348,0.014531430404945542,-0.125,0.1875,0.1875,0.19875240325927734,208405,0.19875049591064453,0.008776194519150722,0.04323741727973911,0.06146272606786532,0.001983887979666196,0.01513671875,0.13798714060782427,0.99063755499201,17.20322769563962,0
INT8,blk.12.attn_v.weight,B12,Q8_HP1,512x2048,1048576,-3.107474185526371e-06,0.010977066005580127,0.014418329910149928,0.014418329575284656,-0.130859375,0.1796875,0.1796875,0.012897491455078125,13522,0.012895584106445312,0.008576318472806776,0.041898210661514175,0.05980713220344669,0.00012850296585846996,0.0009765625,0.008937882078109388,0.9999642233370167,40.97530758998718,0
FP16,blk.13.attn_norm.weight,auxiliary,float32,2048,2048,0.5346169471740723,0.5347061157226562,0.5413347344191823,0.08501773040349818,-0.09130859375,1.1875,1.1875,0.0,0,0.0,0.5316097768016728,0.9452026977998025,1.157181676934797,0.0,0.0,0.0,1.0,,0
INT4,blk.13.attn_norm.weight,auxiliary,F32,2048,2048,0.5346169471740723,0.5347061157226562,0.5413347344191823,0.08501773040349818,-0.09130859375,1.1875,1.1875,0.0,0,0.0,0.5316097768016728,0.9452026977998025,1.157181676934797,0.0,0.0,0.0,1.0,,0
INT8,blk.13.attn_norm.weight,auxiliary,F32,2048,2048,0.5346169471740723,0.5347061157226562,0.5413347344191823,0.08501773040349818,-0.09130859375,1.1875,1.1875,0.0,0,0.0,0.5316097768016728,0.9452026977998025,1.157181676934797,0.0,0.0,0.0,1.0,,0
FP16,blk.13.ffn_down.weight,B13,float16,2048x8192,16777216,-2.081979307178017e-06,0.014273556878936944,0.01814791655271291,0.01814791643328769,-0.404296875,0.458984375,0.458984375,1.430511474609375e-06,0,0.0,0.0117238930138801,0.04929999201559109,0.06484755823230295,0.0,0.0,0.0,1.0,,0
INT4,blk.13.ffn_down.weight,B13,Q4_HP1,2048x8192,16777216,-8.906528819352388e-06,0.014186371408868581,0.01832071604479819,0.018320713879864784,-0.375,0.4375,0.4375,0.17161083221435547,2879128,0.17160940170288086,0.01562897227852288,0.0508572467309189,0.06915562616397838,0.002295771240794029,0.03125,0.12650329497194193,0.9921188321376437,17.957963249526728,0
INT8,blk.13.ffn_down.weight,B13,Q8_HP1,2048x8192,16777216,-2.111479261657223e-06,0.014313360476080561,0.018199639554307687,0.018199639431823265,-0.40625,0.4609375,0.4609375,0.010824263095855713,181577,0.010822832584381104,0.011870929354713447,0.049534895416892655,0.06490559487453192,0.0001494521430308939,0.001953125,0.008235223178197417,0.9999702368529857,41.68649253523669,0
FP16,blk.13.ffn_gate.weight,B13,float16,8192x2048,16777216,-3.834058073692859e-05,0.01630822460056436,0.021327548545788236,0.021327514083287407,-0.62109375,0.66796875,0.66796875,1.0728836059570312e-06,0,0.0,0.013155965397508308,0.0621207017889439,0.10074956763788101,0.0,0.0,0.0,1.0,,0
INT4,blk.13.ffn_gate.weight,B13,Q4_HP1,8192x2048,16777216,-4.790048114955425e-05,0.016203030943870544,0.021532002780624376,0.02153194950042196,-0.625,0.625,0.625,0.17083430290222168,2866106,0.17083323001861572,0.016290941088156954,0.06836896387994693,0.10318652908334142,0.0027637321694458767,0.0625,0.12958508398245605,0.9917290906348307,17.748899709574257,0
INT8,blk.13.ffn_gate.weight,B13,Q8_HP1,8192x2048,16777216,-3.8426682294812053e-05,0.01635375763726188,0.021388433082216385,0.021388398563299126,-0.625,0.671875,0.671875,0.010765433311462402,180596,0.010764360427856445,0.013369215274206803,0.06235387809549009,0.10121502863694387,0.00017971162758314185,0.00390625,0.008426267425781165,0.9999686632277996,41.48729523435656,0
FP16,blk.13.ffn_up.weight,B13,float16,8192x2048,16777216,1.0792428390971054e-06,0.014691344212888424,0.018539509471107617,0.018539509439694568,-0.447265625,0.353515625,0.447265625,1.0728836059570312e-06,0,0.0,0.012236622014968824,0.04952902735727618,0.06450610940530659,0.0,0.0,0.0,1.0,,0
INT4,blk.13.ffn_up.weight,B13,Q4_HP1,8192x2048,16777216,-4.875706508755684e-06,0.01460608746856451,0.018715112707745774,0.018715112072630328,-0.4375,0.375,0.4375,0.1690109372138977,2835515,0.16900986433029175,0.015868823271647597,0.051038174833872726,0.06882290450656715,0.0023256263810727917,0.031005859375,0.12544163504957342,0.9922504583644189,18.031165877570995,0
INT8,blk.13.ffn_up.weight,B13,Q8_HP1,8192x2048,16777216,1.0816074791364372e-06,0.01473240371706197,0.01859241252970636,0.01859241249824528,-0.44921875,0.35546875,0.44921875,0.010621726512908936,178185,0.010620653629302979,0.012425454281655614,0.04975423482030882,0.06455929714905123,0.00015154773956880708,0.001953125,0.008174312260255992,0.9999707451078661,41.75097552354345,0
FP16,blk.13.ffn_norm.weight,auxiliary,float32,2048,2048,0.47510790824890137,0.47510790824890137,0.478052947247109,0.05298203366237181,0.1083984375,0.53125,0.53125,0.0,0,0.0,0.465116030220565,0.58951601253054,0.5940928334715332,0.0,0.0,0.0,1.0,,0
INT4,blk.13.ffn_norm.weight,auxiliary,F32,2048,2048,0.47510790824890137,0.47510790824890137,0.478052947247109,0.05298203366237181,0.1083984375,0.53125,0.53125,0.0,0,0.0,0.465116030220565,0.58951601253054,0.5940928334715332,0.0,0.0,0.0,1.0,,0
INT8,blk.13.ffn_norm.weight,auxiliary,F32,2048,2048,0.47510790824890137,0.47510790824890137,0.478052947247109,0.05298203366237181,0.1083984375,0.53125,0.53125,0.0,0,0.0,0.465116030220565,0.58951601253054,0.5940928334715332,0.0,0.0,0.0,1.0,,0
FP16,blk.13.attn_k.weight,B13,float16,512x2048,1048576,4.930484487886133e-05,0.025448858049230694,0.033398280879240724,0.03339824448561523,-0.39453125,0.53515625,0.53515625,0.0,0,0.0,0.019996169197927363,0.09731572112614391,0.1437988021488194,0.0,0.0,0.0,1.0,,0
INT4,blk.13.attn_k.weight,B13,Q4_HP1,512x2048,1048576,2.9556453227996826e-05,0.025235019624233246,0.03373647479449622,0.03373646184732109,-0.375,0.5,0.5,0.18601512908935547,195051,0.18601512908935547,0.018199862539243588,0.10063244169460529,0.1511410845255185,0.004509425515776408,0.03515625,0.1350196895487312,0.9910269722061051,17.392057898419004,0
INT8,blk.13.attn_k.weight,B13,Q8_HP1,512x2048,1048576,4.9220630899071693e-05,0.02551953517831862,0.03349327815354519,0.03349324198700749,-0.39453125,0.5390625,0.5390625,0.012072563171386719,12659,0.012072563171386719,0.01989115763582254,0.09780579618871069,0.14388301916522678,0.0002926247685438911,0.00390625,0.008761671584293342,0.9999657591871792,41.148260592210136,0
FP16,blk.13.attn_output.weight,B13,float16,2048x2048,4194304,-6.009247258020878e-06,0.013367371427889907,0.017226430167241385,0.017226429119112045,-0.48046875,0.384765625,0.48046875,1.6689300537109375e-06,0,0.0,0.010808863296232684,0.048358945753273666,0.0669866185895674,0.0,0.0,0.0,1.0,,0
INT4,blk.13.attn_output.weight,B13,Q4_HP1,2048x2048,4194304,-1.4854129403829575e-05,0.013282716739922762,0.01738662415177638,0.017386617806519282,-0.5,0.375,0.5,0.17064857482910156,715745,0.17064690589904785,0.009250445401795248,0.05003555171112528,0.0709439858725027,0.00219034266734999,0.03125,0.12715012025621256,0.9920337428081956,17.913664494809122,0
INT8,blk.13.attn_output.weight,B13,Q8_HP1,2048x2048,4194304,-6.038782885298133e-06,0.013404588593402877,0.017275414380495662,0.017275413325039072,-0.48046875,0.38671875,0.48046875,0.010828733444213867,45412,0.010827064514160156,0.010871949785166174,0.04861068696895205,0.0670667801618634,0.0001425454330583,0.001953125,0.008274809793695463,0.999969892262223,41.64483960421193,0
FP16,blk.13.attn_q.weight,B13,float16,2048x2048,4194304,1.9110262698518454e-05,0.019646021034262162,0.026467640306957918,0.026467633407926048,-0.31640625,0.29296875,0.31640625,4.76837158203125e-07,0,0.0,0.014734312129908422,0.08141567938918656,0.1194959186897989,0.0,0.0,0.0,1.0,,0
INT4,blk.13.attn_q.weight,B13,Q4_HP1,2048x2048,4194304,5.4228585213422775e-06,0.019507507095113397,0.026731467353321686,0.026731466803269672,-0.3125,0.3125,0.3125,0.17630720138549805,739484,0.17630672454833984,0.01690959953544862,0.08499038072821885,0.12391843052096359,0.0034963878158452014,0.03125,0.13210047345724496,0.9914100360515102,17.5819125168237,0
INT8,blk.13.attn_q.weight,B13,Q8_HP1,2048x2048,4194304,1.9146624254062772e-05,0.019700650998856872,0.026542905001365535,0.0265428980956921,-0.31640625,0.29296875,0.31640625,0.011168718338012695,46843,0.011168241500854492,0.015025394337082786,0.08153981235122248,0.1198107023095446,0.0002266245322802542,0.001953125,0.008562324772891757,0.9999674789472047,41.34816606402219,0
FP16,blk.13.attn_v.weight,B13,float16,512x2048,1048576,3.665906774585892e-06,0.012954896694850504,0.01711063063929753,0.017110630246592172,-0.1728515625,0.169921875,0.1728515625,1.9073486328125e-06,0,0.0,0.010096216479226183,0.05070042605396589,0.07378825310980205,0.0,0.0,0.0,1.0,,0
INT4,blk.13.attn_v.weight,B13,Q4_HP1,512x2048,1048576,-4.215165972709656e-06,0.01281488873064518,0.017283432769016265,0.017283432255008873,-0.1875,0.15625,0.1875,0.20499038696289062,214946,0.2049884796142578,0.009119745042115006,0.05191277568848423,0.07933664211005541,0.0023721840362115384,0.015625,0.13863802487579893,0.990536319775365,17.16235274962945,0
INT8,blk.13.attn_v.weight,B13,Q8_HP1,512x2048,1048576,3.82494181394577e-06,0.012990972492843866,0.01715965524438051,0.01715965481808465,-0.173828125,0.169921875,0.173828125,0.013354301452636719,14001,0.013352394104003906,0.010053251534058144,0.05092166016093475,0.07379720757562722,0.00015377242528375344,0.0009765625,0.008986952528248047,0.9999638255434873,40.92775104751438,0
FP16,blk.14.attn_norm.weight,auxiliary,float32,2048,2048,0.4702904224395752,0.4702904224395752,0.48530740088470203,0.11979228654245985,0.078125,1.25,1.25,0.0,0,0.0,0.44346817045564074,0.9732329988568427,1.2564326451914773,0.0,0.0,0.0,1.0,,0
INT4,blk.14.attn_norm.weight,auxiliary,F32,2048,2048,0.4702904224395752,0.4702904224395752,0.48530740088470203,0.11979228654245985,0.078125,1.25,1.25,0.0,0,0.0,0.44346817045564074,0.9732329988568427,1.2564326451914773,0.0,0.0,0.0,1.0,,0
INT8,blk.14.attn_norm.weight,auxiliary,F32,2048,2048,0.4702904224395752,0.4702904224395752,0.48530740088470203,0.11979228654245985,0.078125,1.25,1.25,0.0,0,0.0,0.44346817045564074,0.9732329988568427,1.2564326451914773,0.0,0.0,0.0,1.0,,0
FP16,blk.14.ffn_down.weight,B14,float16,2048x8192,16777216,1.8856987153981208e-06,0.013962494341406284,0.01780551711167249,0.017805517011819743,-0.3828125,0.453125,0.453125,1.7881393432617188e-06,0,0.0,0.011421962625678695,0.048794284681877964,0.06501656179191079,0.0,0.0,0.0,1.0,,0
INT4,blk.14.ffn_down.weight,B14,Q4_HP1,2048x8192,16777216,-4.5156339183449745e-06,0.013868993730284274,0.01797923442280633,0.017979233855736854,-0.375,0.4375,0.4375,0.17798703908920288,2986097,0.17798525094985962,0.011669144543210355,0.05041380115221036,0.06935445739056702,0.0022963007153304154,0.03125,0.12896568523837282,0.9918114104021019,17.790516599298545,0
INT8,blk.14.ffn_down.weight,B14,Q8_HP1,2048x8192,16777216,1.9403742044232786e-06,0.014001462950545829,0.017856310953367004,0.017856310847940635,-0.3828125,0.453125,0.453125,0.011225998401641846,188311,0.011224210262298584,0.011549534893491495,0.04903915681073148,0.06509878080198465,0.00014928583393627453,0.001953125,0.008384245905355341,0.9999690095723063,41.53071985106968,0
FP16,blk.14.ffn_gate.weight,B14,float16,8192x2048,16777216,-5.9270326669746964e-05,0.01669062408369726,0.02210603296614345,0.02210595350869529,-0.80078125,0.7265625,0.80078125,1.6093254089355469e-06,0,0.0,0.013244564093332935,0.06842454844048315,0.10765722372722245,0.0,0.0,0.0,1.0,,0
INT4,blk.14.ffn_gate.weight,B14,Q4_HP1,8192x2048,16777216,-6.825535092502832e-05,0.01658346422482282,0.022317746415411465,0.022317642040988146,-0.75,0.75,0.75,0.17125892639160156,2873221,0.17125731706619263,0.016329710357444682,0.07257170889400956,0.11263978344210614,0.0028604743485659933,0.0625,0.12939790476866472,0.9917529359202045,17.76145511550621,0
INT8,blk.14.ffn_gate.weight,B14,Q8_HP1,8192x2048,16777216,-5.943133874097839e-05,0.016737233112507965,0.022169205432137504,0.022169125770049897,-0.8046875,0.7265625,0.8046875,0.010835230350494385,181758,0.01083362102508545,0.01345551985283224,0.06865562651355153,0.1084850455901052,0.0001861204250837979,0.00390625,0.00841944031155889,0.9999687291071602,41.49433555167089,0
FP16,blk.14.ffn_up.weight,B14,float16,8192x2048,16777216,-1.405753113914443e-06,0.014638950349525004,0.01851287588679087,0.01851287583341878,-0.494140625,0.41015625,0.494140625,1.1920928955078125e-06,0,0.0,0.01216321945478891,0.04958692414321197,0.06551403563962574,0.0,0.0,0.0,1.0,,0
INT4,blk.14.ffn_up.weight,B14,Q4_HP1,8192x2048,16777216,-7.989699952304363e-06,0.0145549705484882,0.01868561959403167,0.018685617885891678,-0.5,0.4375,0.5,0.16752564907073975,2810594,0.16752445697784424,0.015822801099947006,0.051101801451022624,0.06958426989710115,0.002315129520830533,0.03125,0.12505509867769393,0.9922960307225486,18.057971935135598,0
INT8,blk.14.ffn_up.weight,B14,Q8_HP1,8192x2048,16777216,-1.4088291209191084e-06,0.01467987455544062,0.018565674219425756,0.018565674165972285,-0.49609375,0.41015625,0.49609375,0.010579049587249756,177467,0.010577857494354248,0.012342916090550817,0.04981515024670759,0.06558549770194719,0.00015088231289888293,0.001953125,0.008150128257843451,0.9999709374823916,41.77671113505228,0
FP16,blk.14.ffn_norm.weight,auxiliary,float32,2048,2048,0.5046894550323486,0.5046894550323486,0.5080519369632625,0.05835515942291429,0.0849609375,0.6328125,0.6328125,0.0,0,0.0,0.535180517583348,0.5934725757698786,0.5946006170964114,0.0,0.0,0.0,1.0,,0
INT4,blk.14.ffn_norm.weight,auxiliary,F32,2048,2048,0.5046894550323486,0.5046894550323486,0.5080519369632625,0.05835515942291429,0.0849609375,0.6328125,0.6328125,0.0,0,0.0,0.535180517583348,0.5934725757698786,0.5946006170964114,0.0,0.0,0.0,1.0,,0
INT8,blk.14.ffn_norm.weight,auxiliary,F32,2048,2048,0.5046894550323486,0.5046894550323486,0.5080519369632625,0.05835515942291429,0.0849609375,0.6328125,0.6328125,0.0,0,0.0,0.535180517583348,0.5934725757698786,0.5946006170964114,0.0,0.0,0.0,1.0,,0
FP16,blk.14.attn_k.weight,B14,float16,512x2048,1048576,5.225395540264799e-05,0.022009337518795746,0.030531863895479263,0.03053181918026201,-0.58203125,0.5234375,0.58203125,9.5367431640625e-07,0,0.0,0.016152094688456648,0.09679515691703627,0.16688613312557016,0.0,0.0,0.0,1.0,,0
INT4,blk.14.attn_k.weight,B14,Q4_HP1,512x2048,1048576,4.213303327560425e-05,0.021701324731111526,0.030846044385401547,0.030846015610345355,-0.625,0.5,0.625,0.20844459533691406,218569,0.20844364166259766,0.017315840111299392,0.10021249438783957,0.17241582569988448,0.004479117950323361,0.05517578125,0.14670306292655022,0.989401115442916,16.67121637368475,0
INT8,blk.14.attn_k.weight,B14,Q8_HP1,512x2048,1048576,5.234905984252691e-05,0.022070321370847523,0.030619475734811722,0.030619430985089475,-0.5859375,0.5234375,0.5859375,0.013750076293945312,14417,0.013749122619628906,0.016396821648444165,0.09726144366487843,0.16722182073093436,0.000292629360770838,0.00390625,0.009584392285142032,0.9999583064296259,40.36870838201277,0
FP16,blk.14.attn_output.weight,B14,float16,2048x2048,4194304,3.72892606037567e-06,0.01550316788075179,0.020103384576549407,0.020103384230714862,-0.359375,0.365234375,0.365234375,2.1457672119140625e-06,0,0.0,0.012447078017152469,0.057804691163679714,0.08180406791207279,0.0,0.0,0.0,1.0,,0
INT4,blk.14.attn_output.weight,B14,Q4_HP1,2048x2048,4194304,-5.549285560846329e-06,0.015403296332806349,0.020289592495652528,0.020289591736776497,-0.375,0.375,0.375,0.17084431648254395,716564,0.17084217071533203,0.016000426907725854,0.06125663393454638,0.08524121467730646,0.0025749675347215358,0.03125,0.12808626949937746,0.991914740725693,17.84994845901037,0
INT8,blk.14.attn_output.weight,B14,Q8_HP1,2048x2048,4194304,3.765744622796774e-06,0.015546386479400098,0.020160563986234604,0.020160563634537283,-0.359375,0.3671875,0.3671875,0.010809898376464844,45331,0.01080775260925293,0.012623189247292185,0.0580929629567331,0.08193812325572297,0.00016744495903238665,0.001953125,0.008329192449897773,0.9999694441153817,41.58794206443167,0
FP16,blk.14.attn_q.weight,B14,float16,2048x2048,4194304,8.089108604281137e-06,0.019541438543456024,0.02683842436814678,0.026838423149116955,-0.4609375,0.42578125,0.4609375,1.430511474609375e-06,0,0.0,0.014344277651507307,0.08474837429680601,0.1326770272198011,0.0,0.0,0.0,1.0,,0
INT4,blk.14.attn_q.weight,B14,Q4_HP1,2048x2048,4194304,-3.016437403857708e-06,0.019385151681490242,0.02711147048748256,0.0271114703196773,-0.4375,0.4375,0.4375,0.1821584701538086,764022,0.18215703964233398,0.016794855584713483,0.08806928544126887,0.14132755078222822,0.0036416324968855155,0.03125,0.13568726863144737,0.9909384244324947,17.349217994852218,0
INT8,blk.14.attn_q.weight,B14,Q8_HP1,2048x2048,4194304,7.964677934069186e-06,0.019595730969740544,0.026914809702671634,0.02691480852421084,-0.4609375,0.42578125,0.4609375,0.011437416076660156,47966,0.011435985565185547,0.014610918918935218,0.08495718535129489,0.13296045035524312,0.00023576001395803008,0.001953125,0.008784420826054237,0.9999655651760533,41.12573734208864,0
FP16,blk.14.attn_v.weight,B14,float16,512x2048,1048576,4.666393351726583e-07,0.016942119885015927,0.02271059296148881,0.022710592956694742,-0.302734375,0.302734375,0.302734375,0.0,0,0.0,0.013298728206912615,0.06836823123751934,0.1257262675363496,0.0,0.0,0.0,1.0,,0
INT4,blk.14.attn_v.weight,B14,Q4_HP1,512x2048,1048576,-1.0818243026733398e-05,0.016734197735786438,0.022981285838335405,0.022981283292037746,-0.3125,0.3125,0.3125,0.21141719818115234,221687,0.21141719818115234,0.01647425220214552,0.07248159603731767,0.13318334085753222,0.0034203330834557816,0.03125,0.15060518627830485,0.988862819666247,16.443201448062627,0
INT8,blk.14.attn_v.weight,B14,Q8_HP1,512x2048,1048576,8.631031960248947e-07,0.016988923540338874,0.0227752122510206,0.02277521223466626,-0.3046875,0.3046875,0.3046875,0.013824462890625,14496,0.013824462890625,0.013502100968079092,0.06853055757107265,0.1257985295595917,0.00022032149512369684,0.001953125,0.009701265638343486,0.9999571127224703,40.26343206953597,0
FP16,blk.15.attn_norm.weight,auxiliary,float32,2048,2048,0.5031387805938721,0.5031387805938721,0.5183652826670029,0.12471541098418126,0.08349609375,1.1640625,1.1640625,0.0,0,0.0,0.4670220266523952,0.9824007461986055,1.157181676934797,0.0,0.0,0.0,1.0,,0
INT4,blk.15.attn_norm.weight,auxiliary,F32,2048,2048,0.5031387805938721,0.5031387805938721,0.5183652826670029,0.12471541098418126,0.08349609375,1.1640625,1.1640625,0.0,0,0.0,0.4670220266523952,0.9824007461986055,1.157181676934797,0.0,0.0,0.0,1.0,,0
INT8,blk.15.attn_norm.weight,auxiliary,F32,2048,2048,0.5031387805938721,0.5031387805938721,0.5183652826670029,0.12471541098418126,0.08349609375,1.1640625,1.1640625,0.0,0,0.0,0.4670220266523952,0.9824007461986055,1.157181676934797,0.0,0.0,0.0,1.0,,0
FP16,blk.15.ffn_down.weight,B15,float16,2048x8192,16777216,-1.0572689177479333e-06,0.013888691016468613,0.01780454911980066,0.01780454908840931,-0.84765625,0.8671875,0.8671875,1.3113021850585938e-06,0,0.0,0.011288940646039981,0.04935492411324672,0.06773191107354187,0.0,0.0,0.0,1.0,,0
INT4,blk.15.ffn_down.weight,B15,Q4_HP1,2048x8192,16777216,-7.536495104432106e-06,0.013787062605842948,0.01798451509370685,0.017984513514605033,-0.875,0.875,0.875,0.1846345067024231,3097631,0.18463319540023804,0.00928905241869344,0.05088874644016594,0.07135688069984343,0.0023520514390927717,0.053955078125,0.13210395968281086,0.9914121610965361,17.581683293035432,0
INT8,blk.15.ffn_down.weight,B15,Q8_HP1,2048x8192,16777216,-1.081876689568162e-06,0.013927419990068302,0.01785539267399031,0.017855392641214295,-0.8515625,0.8671875,0.8671875,0.011677861213684082,195900,0.011676549911499023,0.011408409768900564,0.04958934461936189,0.06780657556110309,0.0001527759096273677,0.00390625,0.008580723308374246,0.9999673561804817,41.329522038840345,0
FP16,blk.15.ffn_gate.weight,B15,float16,8192x2048,16777216,-3.428324970400354e-05,0.017279576492711612,0.023343628129985736,0.023343602955196333,-0.99609375,0.85546875,0.99609375,8.344650268554688e-07,0,0.0,0.013447718349789129,0.0734736959636498,0.11966727930366945,0.0,0.0,0.0,1.0,,0
INT4,blk.15.ffn_gate.weight,B15,Q4_HP1,8192x2048,16777216,-4.385621286928654e-05,0.01716648298315704,0.023571244844238417,0.023571204045182523,-1.0,0.875,1.0,0.17332637310028076,2907920,0.1733255386352539,0.016422229183711723,0.07753071076856365,0.12731760132149222,0.0030330419540416298,0.0625,0.1299301863940155,0.9916876625157321,17.725798770479724,0
INT8,blk.15.ffn_gate.weight,B15,Q8_HP1,8192x2048,16777216,-3.4390686778351665e-05,0.01732778716541361,0.023410031876911583,0.023410006615946936,-0.9921875,0.859375,0.9921875,0.011000335216522217,184541,0.010999500751495361,0.013663712376242153,0.07347398731252529,0.12006722758397297,0.0001969557582437685,0.00390625,0.00843723851095673,0.9999685419203521,41.47599347434926,0
FP16,blk.15.ffn_up.weight,B15,float16,8192x2048,16777216,-1.8625881281764123e-07,0.015752138757118672,0.02023580928047071,0.020235809279613506,-1.234375,1.0234375,1.234375,1.1920928955078125e-06,0,0.0,0.013017147690475616,0.05433951183882473,0.07613712883066662,0.0,0.0,0.0,1.0,,0
INT4,blk.15.ffn_up.weight,B15,Q4_HP1,8192x2048,16777216,-1.0302523151040077e-05,0.01565740490332246,0.020421719097365496,0.020421716498612925,-1.25,1.0,1.25,0.167619526386261,2812169,0.16761833429336548,0.016223981200499758,0.056868629323085784,0.08171378830329262,0.002558568093451661,0.125,0.12643764615437933,0.9921213454003781,17.962471957326127,0
INT8,blk.15.ffn_up.weight,B15,Q8_HP1,8192x2048,16777216,-1.687003532424569e-07,0.01579615392256528,0.020293472518715806,0.0202934725180146,-1.234375,1.03125,1.234375,0.010549068450927734,176964,0.010547876358032227,0.013238132435832668,0.05471096745808739,0.07614544147541603,0.00016650899815613001,0.0078125,0.008228432866128338,0.9999702911118128,41.69365739636177,0
FP16,blk.15.ffn_norm.weight,auxiliary,float32,2048,2048,0.5088838338851929,0.5088838338851929,0.5128725495128108,0.06383960881833471,0.0576171875,0.64453125,0.64453125,0.0,0,0.0,0.5299933094784716,0.5942321982145753,0.6905733985887167,0.0,0.0,0.0,1.0,,0
INT4,blk.15.ffn_norm.weight,auxiliary,F32,2048,2048,0.5088838338851929,0.5088838338851929,0.5128725495128108,0.06383960881833471,0.0576171875,0.64453125,0.64453125,0.0,0,0.0,0.5299933094784716,0.5942321982145753,0.6905733985887167,0.0,0.0,0.0,1.0,,0
INT8,blk.15.ffn_norm.weight,auxiliary,F32,2048,2048,0.5088838338851929,0.5088838338851929,0.5128725495128108,0.06383960881833471,0.0576171875,0.64453125,0.64453125,0.0,0,0.0,0.5299933094784716,0.5942321982145753,0.6905733985887167,0.0,0.0,0.0,1.0,,0
FP16,blk.15.attn_k.weight,B15,float16,512x2048,1048576,5.474512238379248e-05,0.021906119030859372,0.030223119871202568,0.030223070289443703,-0.490234375,0.49609375,0.49609375,9.5367431640625e-07,0,0.0,0.01646632458319135,0.09276503748477977,0.17574134154869997,0.0,0.0,0.0,1.0,,0
INT4,blk.15.attn_k.weight,B15,Q4_HP1,512x2048,1048576,3.807432949542999e-05,0.021571727469563484,0.030557521012447512,0.0305574972923439,-0.5,0.4375,0.5,0.21282291412353516,223160,0.21282196044921875,0.017388685920968736,0.09691358549345852,0.18369222199610458,0.004578724592393402,0.05859375,0.15149741694126484,0.9887103899013208,16.39189543798185,0
INT8,blk.15.attn_k.weight,B15,Q8_HP1,512x2048,1048576,5.480949766933918e-05,0.021965839667245746,0.030308502169867295,0.030308452611438542,-0.4921875,0.49609375,0.49609375,0.014133453369140625,14819,0.014132499694824219,0.016666827147334033,0.0933620120925718,0.17662094055710004,0.00029927699120114873,0.001953125,0.009902253390005186,0.9999550900604747,40.08531929292644,0
FP16,blk.15.attn_output.weight,B15,float16,2048x2048,4194304,4.344771227238198e-06,0.014762858634824738,0.019725175670816407,0.01972517519231529,-0.6953125,0.734375,0.734375,9.5367431640625e-07,0,0.0,0.011426163839872794,0.05790043328888322,0.0952437108268904,0.0,0.0,0.0,1.0,,0
INT4,blk.15.attn_output.weight,B15,Q4_HP1,2048x2048,4194304,-4.620756953954697e-06,0.014663794543594122,0.01990996649816595,0.019909965961967282,-0.75,0.75,0.75,0.17436504364013672,731336,0.1743640899658203,0.012432502850973252,0.06181018998037421,0.09923900166208052,0.0025343232766262803,0.062255859375,0.1284816581063882,0.9918663126354111,17.823177345758673,0
INT8,blk.15.attn_output.weight,B15,Q8_HP1,2048x2048,4194304,4.329922376200557e-06,0.014804071222897619,0.01978138358593996,0.0197813831120543,-0.6953125,0.734375,0.734375,0.010975837707519531,46032,0.010974884033203125,0.011532226897146851,0.058218980808101145,0.09577864435231198,0.00016464648926116588,0.00390625,0.008347022708890851,0.9999693110292628,41.56936809913156,0
FP16,blk.15.attn_q.weight,B15,float16,2048x2048,4194304,1.7486357350549042e-05,0.017886901449386983,0.024931574244502926,0.024931568112264185,-0.322265625,0.333984375,0.333984375,1.1920928955078125e-06,0,0.0,0.012934403097497197,0.08018318047835327,0.13201593811872703,0.0,0.0,0.0,1.0,,0
INT4,blk.15.attn_q.weight,B15,Q4_HP1,2048x2048,4194304,8.782371878623962e-06,0.01773795229382813,0.025182891756443906,0.025182890225045947,-0.3125,0.3125,0.3125,0.1825113296508789,765503,0.1825101375579834,0.01630860276955655,0.08425457144194574,0.14114887616335905,0.003403544752174443,0.03125,0.13651543696342716,0.9908250599256158,17.296364729392028,0
INT8,blk.15.attn_q.weight,B15,Q8_HP1,2048x2048,4194304,1.7589540220797062e-05,0.01793672752683051,0.025002560575047055,0.025002554387841498,-0.32421875,0.3359375,0.3359375,0.011536598205566406,48383,0.011535406112670898,0.013100921654736536,0.08023815081645251,0.13239815590960222,0.00022029091304899572,0.001953125,0.00883582042949281,0.9999651168650636,41.07506237767986,0
FP16,blk.15.attn_v.weight,B15,float16,512x2048,1048576,-2.064510510990658e-05,0.01603344824945907,0.021704460083223163,0.021704450264493285,-0.30078125,0.255859375,0.30078125,9.5367431640625e-07,0,0.0,0.012360654024789234,0.06616206337240738,0.12467223068772888,0.0,0.0,0.0,1.0,,0
INT4,blk.15.attn_v.weight,B15,Q4_HP1,512x2048,1048576,-3.3639371395111084e-05,0.01580863445997238,0.02196324729799436,0.02196322153659496,-0.3125,0.25,0.3125,0.2212390899658203,231985,0.2212381362915039,0.016177141777423226,0.07072198980022275,0.1322716731228472,0.0033588350855300185,0.03125,0.15475321996727706,0.9882370544076386,16.207206116015143,0
INT8,blk.15.attn_v.weight,B15,Q8_HP1,512x2048,1048576,-2.1070707589387894e-05,0.01607771497219801,0.021766332176392622,0.021766321977733087,-0.30078125,0.2578125,0.30078125,0.014357566833496094,15054,0.014356613159179688,0.012509250652471543,0.06632424722600246,0.12472183676649036,0.00021584081152290684,0.001953125,0.009944537237751641,0.9999547452343354,40.04830843332876,0
FP16,blk.2.attn_norm.weight,auxiliary,float32,2048,2048,0.43757740795626887,0.4383601361514593,0.4486559397980431,0.09908665077768204,-0.3203125,1.046875,1.046875,0.0,0,0.0,0.4075678674704065,0.8329040554664451,1.0565297073492557,0.0,0.0,0.0,1.0,,0
INT4,blk.2.attn_norm.weight,auxiliary,F32,2048,2048,0.43757740795626887,0.4383601361514593,0.4486559397980431,0.09908665077768204,-0.3203125,1.046875,1.046875,0.0,0,0.0,0.4075678674704065,0.8329040554664451,1.0565297073492557,0.0,0.0,0.0,1.0,,0
INT8,blk.2.attn_norm.weight,auxiliary,F32,2048,2048,0.43757740795626887,0.4383601361514593,0.4486559397980431,0.09908665077768204,-0.3203125,1.046875,1.046875,0.0,0,0.0,0.4075678674704065,0.8329040554664451,1.0565297073492557,0.0,0.0,0.0,1.0,,0
FP16,blk.2.ffn_down.weight,B02,float16,2048x8192,16777216,-3.422380725481844e-06,0.013237535187275995,0.016766537783523917,0.016766537434236242,-0.53125,0.421875,0.53125,1.430511474609375e-06,0,0.0,0.010987760643205988,0.04410692823974756,0.06030688771740873,0.0,0.0,0.0,1.0,,0
INT4,blk.2.ffn_down.weight,B02,Q4_HP1,2048x8192,16777216,-9.050127118825912e-06,0.013148172991350293,0.016938088035222912,0.01693808561745278,-0.5,0.4375,0.5,0.17703622579574585,2970151,0.17703479528427124,0.009231470536653203,0.046341704772988566,0.06199374838167041,0.002200747913938331,0.0625,0.13125833981664087,0.9915246849129313,17.63746186186403,0
INT8,blk.2.ffn_down.weight,B02,Q8_HP1,2048x8192,16777216,-3.458007995504886e-06,0.013274533535877708,0.016814497633848277,0.016814497278267646,-0.53125,0.421875,0.53125,0.011123895645141602,186604,0.011122465133666992,0.011090869765093063,0.04436774248536839,0.06043107165776838,0.00014293005937975213,0.0037841796875,0.008524721157411886,0.9999678476232245,41.38639635645216,0
FP16,blk.2.ffn_gate.weight,B02,float16,8192x2048,16777216,-4.465444122914164e-05,0.01648905171219539,0.021102601436177218,0.021102554190311356,-0.3125,0.33984375,0.33984375,1.2516975402832031e-06,0,0.0,0.013514946905247533,0.05897378172980161,0.08346372822451491,0.0,0.0,0.0,1.0,,0
INT4,blk.2.ffn_gate.weight,B02,Q4_HP1,8192x2048,16777216,-5.391286686062813e-05,0.016388189047574997,0.021298025111377034,0.021297956874959476,-0.3125,0.3125,0.3125,0.16853904724121094,2827595,0.16853779554367065,0.01644323367830721,0.06264799381544084,0.08641688751883553,0.002683054503282094,0.031005859375,0.1271433055965509,0.992033940522138,17.91413003088468,0
INT8,blk.2.ffn_gate.weight,B02,Q8_HP1,8192x2048,16777216,-4.4783082557842135e-05,0.016535091504920274,0.021162689399833182,0.021162642016282568,-0.3125,0.33984375,0.33984375,0.010680675506591797,179171,0.010679423809051514,0.01373734036374315,0.05921601328354633,0.08362021500837426,0.00017454982124210275,0.001953125,0.008271483578458885,0.9999699307988978,41.64833176263034,0
FP16,blk.2.ffn_up.weight,B02,float16,8192x2048,16777216,-5.691219513437318e-06,0.013139853023801606,0.016586865421411436,0.01658686444503707,-0.46484375,0.2333984375,0.46484375,1.4901161193847656e-06,0,0.0,0.010944332258502162,0.043651687518607964,0.058470781117071616,0.0,0.0,0.0,1.0,,0
INT4,blk.2.ffn_up.weight,B02,Q4_HP1,8192x2048,16777216,-1.1431868188083172e-05,0.01305101893376559,0.016756742618928337,0.01675673871937493,-0.4375,0.21875,0.4375,0.1780707836151123,2987507,0.17806929349899292,0.009218658756765565,0.045319228448589904,0.060415664430873754,0.0021737431022189656,0.0277099609375,0.13105207325146273,0.9915516481768283,17.651122081978656,0
INT8,blk.2.ffn_up.weight,B02,Q8_HP1,8192x2048,16777216,-5.732363206334412e-06,0.013176533611840568,0.016634281361888992,0.016634280374170068,-0.46484375,0.234375,0.46484375,0.011292636394500732,189434,0.011291146278381348,0.011049535445648354,0.04379328578389405,0.05867764965310725,0.00014117546702513577,0.001953125,0.008511280669275645,0.9999679565736975,41.40010175775962,0
FP16,blk.2.ffn_norm.weight,auxiliary,float32,2048,2048,0.3014787611900829,0.3024898591102101,0.3040877328666477,0.039748029275307094,-0.2255859375,0.416015625,0.416015625,0.0,0,0.0,0.3192266109718695,0.3529010530322098,0.3535516946489963,0.0,0.0,0.0,1.0,,0
INT4,blk.2.ffn_norm.weight,auxiliary,F32,2048,2048,0.3014787611900829,0.3024898591102101,0.3040877328666477,0.039748029275307094,-0.2255859375,0.416015625,0.416015625,0.0,0,0.0,0.3192266109718695,0.3529010530322098,0.3535516946489963,0.0,0.0,0.0,1.0,,0
INT8,blk.2.ffn_norm.weight,auxiliary,F32,2048,2048,0.3014787611900829,0.3024898591102101,0.3040877328666477,0.039748029275307094,-0.2255859375,0.416015625,0.416015625,0.0,0,0.0,0.3192266109718695,0.3529010530322098,0.3535516946489963,0.0,0.0,0.0,1.0,,0
FP16,blk.2.attn_k.weight,B02,float16,512x2048,1048576,4.193310360278701e-06,0.02886388356023417,0.03817216856087849,0.038172168330555555,-0.404296875,0.53515625,0.53515625,9.5367431640625e-07,0,0.0,0.022547142340038143,0.11471343137562305,0.17184024320558092,0.0,0.0,0.0,1.0,,0
INT4,blk.2.attn_k.weight,B02,Q4_HP1,512x2048,1048576,-1.7393380403518677e-05,0.028618868440389633,0.03855528491296762,0.038555280989644294,-0.375,0.5,0.5,0.18274402618408203,191620,0.18274307250976562,0.02474840631854306,0.12145812632369142,0.17604520834586432,0.00521336962493215,0.05908203125,0.13657514942117216,0.9908161543097145,17.292566313392978,0
INT8,blk.2.attn_k.weight,B02,Q8_HP1,512x2048,1048576,4.421919584274292e-06,0.028944278601557016,0.03828068198980975,0.03828068173441497,-0.40625,0.5390625,0.5390625,0.011883735656738281,12460,0.011882781982421875,0.022711971139814456,0.11534653829727119,0.17231956556580671,0.0003376298981210567,0.00390625,0.008844923169156374,0.9999650236718653,41.06611870416678,0
FP16,blk.2.attn_output.weight,B02,float16,2048x2048,4194304,-1.611052070416008e-06,0.010109845700881692,0.013113062303007402,0.013113062204041626,-0.341796875,0.353515625,0.353515625,3.0994415283203125e-06,0,0.0,0.008156555753314806,0.036545434061193566,0.0541072339190971,0.0,0.0,0.0,1.0,,0
INT4,blk.2.attn_output.weight,B02,Q4_HP1,2048x2048,4194304,-7.717171683907509e-06,0.010041613830253482,0.013239373753738173,0.013239371504585571,-0.3125,0.375,0.375,0.17044949531555176,714904,0.17044639587402344,0.008679342334095272,0.03878596823883068,0.05766195987635336,0.0017198130402878908,0.03125,0.131152662936213,0.9915274932831357,17.644457740548106,0
INT8,blk.2.attn_output.weight,B02,Q8_HP1,2048x2048,4194304,-1.6402191249653697e-06,0.010138036202988587,0.013150353275617123,0.013150353173326381,-0.34375,0.35546875,0.35546875,0.010779380798339844,45199,0.010776281356811523,0.008241887689884118,0.03656275658415256,0.05460000481969898,0.00011148106370126616,0.001953125,0.008501527799170041,0.9999679966330302,41.4100604148301,0
FP16,blk.2.attn_q.weight,B02,float16,2048x2048,4194304,-3.577063071702469e-05,0.02053328172044644,0.02801102901942727,0.028011006179521198,-0.5703125,0.486328125,0.5703125,9.5367431640625e-07,0,0.0,0.015266790711667031,0.08564225443398625,0.13397544837017838,0.0,0.0,0.0,1.0,,0
INT4,blk.2.attn_q.weight,B02,Q4_HP1,2048x2048,4194304,-4.930119030177593e-05,0.02038097335025668,0.028294624440937995,0.028294581489153724,-0.625,0.4375,0.625,0.17766880989074707,745193,0.17766785621643066,0.01705307776373286,0.08885520341526135,0.1424483497259573,0.003764411557013708,0.061767578125,0.13439033440731044,0.991110868251748,17.432639307864008,0
INT8,blk.2.attn_q.weight,B02,Q8_HP1,2048x2048,4194304,-3.586422826629132e-05,0.020590246538631618,0.028090543478890218,0.02809052058429236,-0.5703125,0.48828125,0.5703125,0.011662960052490234,48914,0.011662006378173828,0.01562622753928462,0.0858701319089049,0.13422877417774895,0.000243702312770688,0.00390625,0.008700227064191978,0.9999662778145251,41.20938825466493,0
FP16,blk.2.attn_v.weight,B02,float16,512x2048,1048576,9.99018340053226e-06,0.009088725465460357,0.011685268256683624,0.01168526398618763,-0.0849609375,0.0869140625,0.0869140625,5.7220458984375e-06,0,0.0,0.007352722537665013,0.03258150410879429,0.04343060812965647,0.0,0.0,0.0,1.0,,0
INT4,blk.2.attn_v.weight,B02,Q4_HP1,512x2048,1048576,4.582107067108154e-06,0.009018946439027786,0.011797073875536662,0.011797072985667437,-0.078125,0.09375,0.09375,0.18198013305664062,190814,0.1819744110107422,0.00845887764659295,0.035098759833902544,0.04432620223903111,0.0015412690436810393,0.0078125,0.13189847334480143,0.9914291768219129,17.595204623078082,0
INT8,blk.2.attn_v.weight,B02,Q8_HP1,512x2048,1048576,1.0084942914545536e-05,0.009114084881730378,0.011718510674939368,0.011718506335390802,-0.0849609375,0.0869140625,0.0869140625,0.011871337890625,12442,0.011865615844726562,0.007496915293443133,0.03269458727492709,0.04351550991252739,0.00010009803408645682,0.00048828125,0.008566173397791166,0.9999674494212172,41.344262775903864,0
FP16,blk.3.attn_norm.weight,auxiliary,float32,2048,2048,0.40668439865112305,0.40668439865112305,0.40996149582390934,0.05173227186149531,0.1025390625,0.984375,0.984375,0.0,0,0.0,0.39617092650367575,0.5909642884600786,0.767905134851049,0.0,0.0,0.0,1.0,,0
INT4,blk.3.attn_norm.weight,auxiliary,F32,2048,2048,0.40668439865112305,0.40668439865112305,0.40996149582390934,0.05173227186149531,0.1025390625,0.984375,0.984375,0.0,0,0.0,0.39617092650367575,0.5909642884600786,0.767905134851049,0.0,0.0,0.0,1.0,,0
INT8,blk.3.attn_norm.weight,auxiliary,F32,2048,2048,0.40668439865112305,0.40668439865112305,0.40996149582390934,0.05173227186149531,0.1025390625,0.984375,0.984375,0.0,0,0.0,0.39617092650367575,0.5909642884600786,0.767905134851049,0.0,0.0,0.0,1.0,,0
FP16,blk.3.ffn_down.weight,B03,float16,2048x8192,16777216,6.706531095801438e-06,0.012587726400099086,0.015983281262627626,0.01598327985560861,-0.431640625,0.5078125,0.5078125,1.430511474609375e-06,0,0.0,0.010374267088475083,0.042789746484869245,0.05786591557199846,0.0,0.0,0.0,1.0,,0
INT4,blk.3.ffn_down.weight,B03,Q4_HP1,2048x8192,16777216,9.111245162785053e-07,0.012497962394263595,0.016149630831089785,0.016149630805388025,-0.4375,0.5,0.5,0.18003427982330322,3020450,0.1800328493118286,0.009126210494953574,0.04392933698681663,0.060102447573124516,0.002126184604195611,0.0595703125,0.13302553895282385,0.991296843390713,17.521299457121255,0
INT8,blk.3.ffn_down.weight,B03,Q8_HP1,2048x8192,16777216,6.737409421475604e-06,0.012622792284673778,0.016028928552432754,0.01602892713647137,-0.43359375,0.5078125,0.5078125,0.011403799057006836,191300,0.011402368545532227,0.010373138267844336,0.042910541961798485,0.058104566710261915,0.00013793289605022347,0.003662109375,0.008629823487667733,0.9999669356991381,41.27996174297475,0
FP16,blk.3.ffn_gate.weight,B03,float16,8192x2048,16777216,-4.3745182651377945e-05,0.01768692748785128,0.022953812409388652,0.0229537707247502,-0.31640625,0.333984375,0.333984375,1.6093254089355469e-06,0,0.0,0.014181366196381884,0.06645099701902304,0.09496103641148095,0.0,0.0,0.0,1.0,,0
INT4,blk.3.ffn_gate.weight,B03,Q4_HP1,8192x2048,16777216,-5.44240465387702e-05,0.01756886497605592,0.023169113458108005,0.023169049537213215,-0.3125,0.3125,0.3125,0.17144280672073364,2876306,0.1714411973953247,0.01671042460350078,0.07128706641079038,0.09869884880560541,0.002966558276505067,0.03125,0.12924032938823157,0.9917696570645306,17.772038875776033,0
INT8,blk.3.ffn_gate.weight,B03,Q8_HP1,8192x2048,16777216,-4.3888358050026e-05,0.01773626756039448,0.023019217679115876,0.023019175840384654,-0.31640625,0.3359375,0.3359375,0.01087796688079834,182475,0.010876357555389404,0.01442440275534723,0.06671436896643194,0.09555862388751293,0.00019282196827335375,0.001953125,0.008400433219297593,0.9999688647028743,41.513966326622125,0
FP16,blk.3.ffn_up.weight,B03,float16,8192x2048,16777216,-1.7155756992792703e-06,0.012735491422247947,0.016107388773267225,0.016107388681905428,-0.34765625,0.30078125,0.34765625,1.4901161193847656e-06,0,0.0,0.010567362929461994,0.042859638032017595,0.05736483025256609,0.0,0.0,0.0,1.0,,0
INT4,blk.3.ffn_up.weight,B03,Q4_HP1,8192x2048,16777216,-9.182142093777657e-06,0.012644498376175761,0.01627409603769725,0.016274093447330943,-0.375,0.3125,0.375,0.1804012656211853,3026606,0.18039977550506592,0.009157657916008453,0.043972465691481284,0.0596411503942971,0.0021400465053337692,0.030517578125,0.1328611692098422,0.9913173762897026,17.532038599661423,0
INT8,blk.3.ffn_up.weight,B03,Q8_HP1,8192x2048,16777216,-1.7698039300739765e-06,0.012770990113494918,0.016153401046740325,0.01615340094978842,-0.34765625,0.30078125,0.34765625,0.01145392656326294,192140,0.011452436447143555,0.01060053364201456,0.042980238547130775,0.05763300531029632,0.0001388363269942219,0.001953125,0.008619418637528815,0.9999670270667004,41.290440509556205,0
FP16,blk.3.ffn_norm.weight,auxiliary,float32,2048,2048,0.31556322338292375,0.31576158764073625,0.3170310183527526,0.030471603928285896,-0.203125,0.4296875,0.4296875,0.0,0,0.0,0.32031927977714403,0.3530573015710659,0.4054511472752275,0.0,0.0,0.0,1.0,,0
INT4,blk.3.ffn_norm.weight,auxiliary,F32,2048,2048,0.31556322338292375,0.31576158764073625,0.3170310183527526,0.030471603928285896,-0.203125,0.4296875,0.4296875,0.0,0,0.0,0.32031927977714403,0.3530573015710659,0.4054511472752275,0.0,0.0,0.0,1.0,,0
INT8,blk.3.ffn_norm.weight,auxiliary,F32,2048,2048,0.31556322338292375,0.31576158764073625,0.3170310183527526,0.030471603928285896,-0.203125,0.4296875,0.4296875,0.0,0,0.0,0.32031927977714403,0.3530573015710659,0.4054511472752275,0.0,0.0,0.0,1.0,,0
FP16,blk.3.attn_k.weight,B03,float16,512x2048,1048576,5.87681807928675e-06,0.02838199777141881,0.03711500289191183,0.03711500242664188,-0.28125,0.291015625,0.291015625,2.86102294921875e-06,0,0.0,0.022394190664527105,0.10896498559642373,0.15258802953759318,0.0,0.0,0.0,1.0,,0
INT4,blk.3.attn_k.weight,B03,Q4_HP1,512x2048,1048576,-8.435919880867004e-06,0.02819286473095417,0.037457290660366474,0.037457289710421296,-0.3125,0.3125,0.3125,0.17143726348876953,179762,0.1714344024658203,0.02372793201515356,0.11344937287764523,0.16370995185152112,0.004814737191851596,0.03125,0.1297248232978269,0.9917047626665176,17.739538243970163,0
INT8,blk.3.attn_k.weight,B03,Q8_HP1,512x2048,1048576,5.738111212849617e-06,0.028460754780098796,0.03722051191757867,0.03722051147526986,-0.28125,0.29296875,0.29296875,0.010949134826660156,11478,0.010946273803710938,0.022557184884623417,0.10972201605043176,0.1526383171294057,0.0003124903519659362,0.001953125,0.008419515764985558,0.9999686855373071,41.49425771072471,0
FP16,blk.3.attn_output.weight,B03,float16,2048x2048,4194304,5.504872859773968e-06,0.011577930260386893,0.01491339668354619,0.014913395667559462,-0.248046875,0.2431640625,0.248046875,1.6689300537109375e-06,0,0.0,0.009380168860935153,0.04179278143585788,0.05942209565989269,0.0,0.0,0.0,1.0,,0
INT4,blk.3.attn_output.weight,B03,Q4_HP1,2048x2048,4194304,-1.7909333109855652e-06,0.011502190493047237,0.015058135362407576,0.015058135255905608,-0.25,0.21875,0.25,0.17086291313171387,716644,0.17086124420166016,0.008966598992058367,0.04327903986300288,0.06185006314776782,0.0019367488797787818,0.0244140625,0.12986638261393385,0.9916950593238366,17.730065128619394,0
INT8,blk.3.attn_output.weight,B03,Q8_HP1,2048x2048,4194304,5.545065505430102e-06,0.01161023011081852,0.01495597932730703,0.014955978299365232,-0.248046875,0.244140625,0.248046875,0.01082921028137207,45414,0.01082754135131836,0.009262993968902717,0.041887740708613654,0.05961796390815239,0.00012584822360419432,0.0009765625,0.008438602303326477,0.9999685612135215,41.474589603553255,0
FP16,blk.3.attn_q.weight,B03,float16,2048x2048,4194304,9.008182104253137e-06,0.020751973154318648,0.02761938554193234,0.027619384072903513,-0.30859375,0.28515625,0.30859375,1.1920928955078125e-06,0,0.0,0.016006992421287072,0.08404847766799055,0.12340288957630438,0.0,0.0,0.0,1.0,,0
INT4,blk.3.attn_q.weight,B03,Q4_HP1,2048x2048,4194304,-5.544628947973251e-06,0.020613782573491335,0.027886359637218267,0.02788635908600056,-0.3125,0.3125,0.3125,0.17202496528625488,721520,0.17202377319335938,0.01727245030159589,0.08736865558614738,0.13327245352140726,0.0035888122292269393,0.030517578125,0.12993816331570188,0.9916851275222085,17.725265526154136,0
INT8,blk.3.attn_q.weight,B03,Q8_HP1,2048x2048,4194304,8.887203875929117e-06,0.020809895067941397,0.027698165099440796,0.027698163673671353,-0.30859375,0.28515625,0.30859375,0.010784387588500977,45228,0.010783195495605469,0.016224940605607186,0.08422413726765177,0.12363731285335834,0.00023287604792419003,0.001953125,0.008431615814574609,0.999968611346748,41.481783804991714,0
FP16,blk.3.attn_v.weight,B03,float16,512x2048,1048576,2.186445442475815e-06,0.01069231504726531,0.01386510879869555,0.013865108626300809,-0.2021484375,0.11572265625,0.2021484375,9.5367431640625e-07,0,0.0,0.008568177395334962,0.039528490163518275,0.05543089805185656,0.0,0.0,0.0,1.0,,0
INT4,blk.3.attn_v.weight,B03,Q4_HP1,512x2048,1048576,-5.174428224563599e-06,0.010600659996271133,0.01400265108702374,0.014002650130965199,-0.1875,0.109375,0.1875,0.18891525268554688,198091,0.18891429901123047,0.008788406703770965,0.041579322302498625,0.05827003646401821,0.0018639427154254788,0.0155029296875,0.13443404898494857,0.991101222861161,17.429814415304076,0
INT8,blk.3.attn_v.weight,B03,Q8_HP1,512x2048,1048576,2.139830030500889e-06,0.010721739730797708,0.013904345710812432,0.013904345546156263,-0.203125,0.1162109375,0.203125,0.012230873107910156,12824,0.01222991943359375,0.008592824509953524,0.03956874983503543,0.05577689346583408,0.00012086077848744387,0.0009765625,0.008716900836639278,0.9999661079065545,41.19275789030236,0
FP16,blk.4.attn_norm.weight,auxiliary,float32,2048,2048,0.4145984649658203,0.4145984649658203,0.41820508272639917,0.05480514634758156,0.11865234375,0.90625,0.90625,0.0,0,0.0,0.40120230861122813,0.6409047281370682,0.8193611695305619,0.0,0.0,0.0,1.0,,0
INT4,blk.4.attn_norm.weight,auxiliary,F32,2048,2048,0.4145984649658203,0.4145984649658203,0.41820508272639917,0.05480514634758156,0.11865234375,0.90625,0.90625,0.0,0,0.0,0.40120230861122813,0.6409047281370682,0.8193611695305619,0.0,0.0,0.0,1.0,,0
INT8,blk.4.attn_norm.weight,auxiliary,F32,2048,2048,0.4145984649658203,0.4145984649658203,0.41820508272639917,0.05480514634758156,0.11865234375,0.90625,0.90625,0.0,0,0.0,0.40120230861122813,0.6409047281370682,0.8193611695305619,0.0,0.0,0.0,1.0,,0
FP16,blk.4.ffn_down.weight,B04,float16,2048x8192,16777216,-1.283710936661464e-06,0.012431063911627405,0.015833277954711122,0.015833277902671555,-0.40234375,0.478515625,0.478515625,1.6093254089355469e-06,0,0.0,0.010199645511696193,0.04270985202404651,0.05823584465209049,0.0,0.0,0.0,1.0,,0
INT4,blk.4.ffn_down.weight,B04,Q4_HP1,2048x8192,16777216,-9.245006367564201e-06,0.012339029926806688,0.01599609376323638,0.015996091091641955,-0.375,0.4375,0.4375,0.18151956796646118,3045366,0.18151795864105225,0.009095367816848825,0.04386963190265116,0.0604563424562428,0.0021179574278489717,0.041015625,0.13376620014548427,0.9911966989046352,17.473072192454353,0
INT8,blk.4.ffn_down.weight,B04,Q8_HP1,2048x8192,16777216,-1.273670932278037e-06,0.012465708568925038,0.015878531983122286,0.01587853193203955,-0.40234375,0.48046875,0.48046875,0.011523842811584473,193311,0.011522233486175537,0.010170654446575155,0.04282456490469925,0.05847121073557959,0.0001374160024265594,0.001953125,0.008678935771835665,0.9999665182699382,41.230670512035424,0
FP16,blk.4.ffn_gate.weight,B04,float16,8192x2048,16777216,-0.00011727586802479095,0.018257511060856046,0.02373577723373671,0.02373548750837768,-0.34765625,0.51171875,0.51171875,1.430511474609375e-06,0,0.0,0.014546897250215348,0.06848366114536475,0.09662057465960276,0.0,0.0,0.0,1.0,,0
INT4,blk.4.ffn_gate.weight,B04,Q4_HP1,8192x2048,16777216,-0.0001308926148340106,0.01813240023329854,0.023959675674931357,0.0239593181366098,-0.375,0.5,0.5,0.17194324731826782,2884705,0.1719418168067932,0.016839758555794983,0.07260196033987713,0.10005665514630938,0.0030883550749474056,0.046630859375,0.13011392230955848,0.9916583601857044,17.713524620848084,0
INT8,blk.4.ffn_gate.weight,B04,Q8_HP1,8192x2048,16777216,-0.00011759674089262262,0.018308363200048916,0.02380332289010181,0.023803032403813096,-0.34765625,0.515625,0.515625,0.01087254285812378,182387,0.01087111234664917,0.014813574724262006,0.06867825886621648,0.0971805861291876,0.00020060938247709514,0.00390625,0.008451772212959606,0.9999684227284503,41.46104432607122,0
FP16,blk.4.ffn_up.weight,B04,float16,8192x2048,16777216,3.1716350257227077e-06,0.01257876549563619,0.015963420701279086,0.015963420386206614,-0.265625,0.27734375,0.27734375,1.5497207641601562e-06,0,0.0,0.010377776917141973,0.0428615540163449,0.058127828465684005,0.0,0.0,0.0,1.0,,0
INT4,blk.4.ffn_up.weight,B04,Q4_HP1,8192x2048,16777216,-3.7136487662792206e-06,0.012486029881983995,0.016128311825529852,0.016128311397983947,-0.25,0.25,0.25,0.18203532695770264,3054020,0.18203377723693848,0.009127101131582644,0.04398822287225144,0.060196649675999275,0.002129425992288793,0.02734375,0.13339409091174115,0.9912467704032448,17.49726816719954,0
INT8,blk.4.ffn_up.weight,B04,Q8_HP1,8192x2048,16777216,3.1939343898557127e-06,0.012613821432751138,0.01600902766744193,0.01600902734883367,-0.265625,0.27734375,0.27734375,0.0115128755569458,193128,0.01151132583618164,0.010377459609410587,0.0429817169885813,0.05835062717120979,0.00013815715469558756,0.00189208984375,0.008654608387569311,0.9999667250724207,41.25505157475615,0
FP16,blk.4.ffn_norm.weight,auxiliary,float32,2048,2048,0.32440948412840953,0.32465171887452016,0.32652395627833797,0.037099604191920627,-0.248046875,0.39453125,0.39453125,0.0,0,0.0,0.3200672548038801,0.3578117643988093,0.4137201909233722,0.0,0.0,0.0,1.0,,0
INT4,blk.4.ffn_norm.weight,auxiliary,F32,2048,2048,0.32440948412840953,0.32465171887452016,0.32652395627833797,0.037099604191920627,-0.248046875,0.39453125,0.39453125,0.0,0,0.0,0.3200672548038801,0.3578117643988093,0.4137201909233722,0.0,0.0,0.0,1.0,,0
INT8,blk.4.ffn_norm.weight,auxiliary,F32,2048,2048,0.32440948412840953,0.32465171887452016,0.32652395627833797,0.037099604191920627,-0.248046875,0.39453125,0.39453125,0.0,0,0.0,0.3200672548038801,0.3578117643988093,0.4137201909233722,0.0,0.0,0.0,1.0,,0
FP16,blk.4.attn_k.weight,B04,float16,512x2048,1048576,1.0396521815891901e-05,0.028011718411335096,0.03658845309388128,0.03658845161680779,-0.42578125,0.3671875,0.42578125,1.9073486328125e-06,0,0.0,0.02229458857453668,0.10463879121126549,0.1596602108264486,0.0,0.0,0.0,1.0,,0
INT4,blk.4.attn_k.weight,B04,Q4_HP1,512x2048,1048576,-7.499009370803833e-06,0.027786560356616974,0.0369423236312247,0.03694232287010389,-0.4375,0.375,0.4375,0.1764068603515625,184974,0.1764049530029297,0.023296208561316718,0.10849679019248136,0.16798737198770733,0.0048584521550277026,0.03125,0.13278648710732693,0.9913146464396596,17.536922365823482,0
INT8,blk.4.attn_k.weight,B04,Q8_HP1,512x2048,1048576,1.0766787454485893e-05,0.02808941202238202,0.03669200966655728,0.03669200808687119,-0.42578125,0.3671875,0.42578125,0.011088371276855469,11625,0.011086463928222656,0.02245764311637443,0.10506569928471851,0.15974514088685282,0.0003153102408293896,0.001953125,0.008617752710680169,0.999966965985758,41.29211944590895,0
FP16,blk.4.attn_output.weight,B04,float16,2048x2048,4194304,-8.809218527972007e-06,0.011400470563941667,0.014911675094475978,0.014911672492409565,-0.341796875,0.40625,0.40625,9.5367431640625e-07,0,0.0,0.009057858404112518,0.042360758863872965,0.06174366029924178,0.0,0.0,0.0,1.0,,0
INT4,blk.4.attn_output.weight,B04,Q4_HP1,2048x2048,4194304,-1.553562469780445e-05,0.011323322309181094,0.015055107842907098,0.015055099827165812,-0.3125,0.4375,0.4375,0.17239069938659668,723055,0.17238974571228027,0.008895990583091758,0.04372488945182436,0.06667886234979044,0.001939543659691399,0.03125,0.13006879826733228,0.991667463908424,17.716537445480412,0
INT8,blk.4.attn_output.weight,B04,Q8_HP1,2048x2048,4194304,-8.887494914233685e-06,0.011432276631239802,0.014954208534501481,0.014954205893520093,-0.34375,0.40625,0.40625,0.010785102844238281,45232,0.010784149169921875,0.008997121968585453,0.04246964066484986,0.06186885096934239,0.0001259105342825978,0.001953125,0.008443755210924714,0.9999685092956386,41.46928731232223,0
FP16,blk.4.attn_q.weight,B04,float16,2048x2048,4194304,2.2974497568384322e-05,0.019836840523112187,0.02674188448777,0.02674187461883881,-0.37890625,0.34765625,0.37890625,1.6689300537109375e-06,0,0.0,0.015013948929588544,0.08240344295492455,0.12475233227433247,0.0,0.0,0.0,1.0,,0
INT4,blk.4.attn_q.weight,B04,Q4_HP1,2048x2048,4194304,9.99821349978447e-06,0.019691608380526304,0.026996879307141942,0.026996877455737648,-0.375,0.375,0.375,0.1737227439880371,728639,0.1737210750579834,0.016979892347568748,0.08597758571529679,0.13581479896431628,0.003533565377171589,0.03125,0.13213598984722308,0.9913975301831149,17.57957755183293,0
INT8,blk.4.attn_q.weight,B04,Q8_HP1,2048x2048,4194304,2.3132452042773366e-05,0.019892057141987607,0.026817886990163728,0.02681787701341878,-0.37890625,0.34765625,0.37890625,0.010921239852905273,45800,0.010919570922851562,0.015329587508596332,0.08253672674313291,0.12494538528983609,0.00022915462692337917,0.001953125,0.00856912784243682,0.9999674163309553,41.341267558016725,0
FP16,blk.4.attn_v.weight,B04,float16,512x2048,1048576,-9.994336551244487e-06,0.010288667521308525,0.013360713857173061,0.013360710119095212,-0.1240234375,0.1083984375,0.1240234375,0.0,0,0.0,0.00817266409396227,0.03758727139112396,0.05132192121497139,0.0,0.0,0.0,1.0,,0
INT4,blk.4.attn_v.weight,B04,Q4_HP1,512x2048,1048576,-1.8591061234474182e-05,0.010200681164860725,0.013499969880123378,0.013499957079068087,-0.125,0.109375,0.125,0.1920146942138672,201342,0.1920146942138672,0.008690142149078874,0.0402011436776658,0.05240725633272473,0.0018115933397375688,0.0078125,0.13559105891373954,0.9909561123464146,17.35537895162837,0
INT8,blk.4.attn_v.weight,B04,Q8_HP1,512x2048,1048576,-1.000543124973774e-05,0.01031718892045319,0.013398703588897451,0.013398699853137951,-0.1240234375,0.1083984375,0.1240234375,0.012403488159179688,13006,0.012403488159179688,0.008260001349620738,0.0375935453244588,0.05148577924846559,0.00011740827241894581,0.00048828125,0.008787574801320365,0.9999655297128593,41.12261930336863,0
FP16,blk.5.attn_norm.weight,auxiliary,float32,2048,2048,0.47011494636535645,0.47011494636535645,0.4769231681462588,0.08029723232193416,0.1181640625,1.125,1.125,0.0,0,0.0,0.4613440715612173,0.80234004768849,1.0565297073492557,0.0,0.0,0.0,1.0,,0
INT4,blk.5.attn_norm.weight,auxiliary,F32,2048,2048,0.47011494636535645,0.47011494636535645,0.4769231681462588,0.08029723232193416,0.1181640625,1.125,1.125,0.0,0,0.0,0.4613440715612173,0.80234004768849,1.0565297073492557,0.0,0.0,0.0,1.0,,0
INT8,blk.5.attn_norm.weight,auxiliary,F32,2048,2048,0.47011494636535645,0.47011494636535645,0.4769231681462588,0.08029723232193416,0.1181640625,1.125,1.125,0.0,0,0.0,0.4613440715612173,0.80234004768849,1.0565297073492557,0.0,0.0,0.0,1.0,,0
FP16,blk.5.ffn_down.weight,B05,float16,2048x8192,16777216,2.1313877702766604e-06,0.012503783973588867,0.015982430465286,0.015982430323167006,-0.4765625,0.42578125,0.4765625,2.086162567138672e-06,0,0.0,0.010220176452497018,0.04316345441526889,0.05959981052164663,0.0,0.0,0.0,1.0,,0
INT4,blk.5.ffn_down.weight,B05,Q4_HP1,2048x8192,16777216,-4.903355147689581e-06,0.012411363364662975,0.016149427843132842,0.016149427098744482,-0.5,0.4375,0.5,0.18233031034469604,3058960,0.1823282241821289,0.009098004643546403,0.04425737734963646,0.06165682493215471,0.002144483132855533,0.03125,0.1341775356078271,0.9911453043154105,17.44640377845482,0
INT8,blk.5.ffn_down.weight,B05,Q8_HP1,2048x8192,16777216,2.125441824318841e-06,0.012538679449789925,0.016028138150589375,0.01602813800966524,-0.4765625,0.42578125,0.4765625,0.011572539806365967,194120,0.011570453643798828,0.010194376197355973,0.04329397238039992,0.05976193806261543,0.00013912742136168243,0.001953125,0.00870502278510572,0.9999662971054134,41.2046017558779,0
FP16,blk.5.ffn_gate.weight,B05,float16,8192x2048,16777216,-9.770169193501488e-05,0.01706899078031654,0.02220449973034873,0.022204284781421123,-0.333984375,0.3046875,0.333984375,7.748603820800781e-07,0,0.0,0.013619338318269269,0.06355989136609518,0.09206742256673386,0.0,0.0,0.0,1.0,,0
INT4,blk.5.ffn_gate.weight,B05,Q4_HP1,8192x2048,16777216,-0.00010931579163298011,0.01695603277767077,0.022410645140419492,0.02241037852575247,-0.3125,0.3125,0.3125,0.17054831981658936,2861313,0.17054754495620728,0.016501507291232627,0.06928907078615014,0.09644210960253098,0.002869050579749454,0.03125,0.12921032288910725,0.9917718319504756,17.774055764792898,0
INT8,blk.5.ffn_gate.weight,B05,Q8_HP1,8192x2048,16777216,-9.802916247281246e-05,0.017116580060246633,0.022267754057618508,0.02226753828005894,-0.3359375,0.3046875,0.3359375,0.01081240177154541,181389,0.01081162691116333,0.013832051720254644,0.0638795818943738,0.09272338202384621,0.0001863670991198626,0.001953125,0.00839321314972655,0.9999689231089386,41.52143495254875,0
FP16,blk.5.ffn_up.weight,B05,float16,8192x2048,16777216,1.8484098518456449e-06,0.012736883670108057,0.01616848780062251,0.016168487694965785,-0.359375,0.35546875,0.359375,1.6093254089355469e-06,0,0.0,0.010510399377112014,0.04332030981365244,0.05909002584623056,0.0,0.0,0.0,1.0,,0
INT4,blk.5.ffn_up.weight,B05,Q4_HP1,8192x2048,16777216,-4.9140071496367455e-06,0.012645285692997277,0.016334076662710015,0.016334075923535488,-0.375,0.375,0.375,0.1807488203048706,3032435,0.18074721097946167,0.009152370988811505,0.04464647294197079,0.061006346288398204,0.002144740368004175,0.03125,0.1326494100407831,0.9913431692760267,17.545893544104537,0
INT8,blk.5.ffn_up.weight,B05,Q8_HP1,8192x2048,16777216,1.8790524336509407e-06,0.012772420748660807,0.01621468879323605,0.016214688684358287,-0.359375,0.35546875,0.359375,0.011455178260803223,192159,0.011453568935394287,0.010533004092837665,0.043452468216350126,0.059265399058749745,0.00013920346291850563,0.001953125,0.008609553635136248,0.9999671143345554,41.30038728178023,0
FP16,blk.5.ffn_norm.weight,auxiliary,float32,2048,2048,0.33371638390235603,0.33371640113182366,0.33605854908637073,0.039607114628207624,-1.7642974853515625e-05,0.443359375,0.443359375,0.0,0,0.0,0.3288786765219691,0.4177586267342987,0.4442160217595226,0.0,0.0,0.0,1.0,,0
INT4,blk.5.ffn_norm.weight,auxiliary,F32,2048,2048,0.33371638390235603,0.33371640113182366,0.33605854908637073,0.039607114628207624,-1.7642974853515625e-05,0.443359375,0.443359375,0.0,0,0.0,0.3288786765219691,0.4177586267342987,0.4442160217595226,0.0,0.0,0.0,1.0,,0
INT8,blk.5.ffn_norm.weight,auxiliary,F32,2048,2048,0.33371638390235603,0.33371640113182366,0.33605854908637073,0.039607114628207624,-1.7642974853515625e-05,0.443359375,0.443359375,0.0,0,0.0,0.3288786765219691,0.4177586267342987,0.4442160217595226,0.0,0.0,0.0,1.0,,0
FP16,blk.5.attn_k.weight,B05,float16,512x2048,1048576,-3.6852059565717354e-05,0.027902181298941287,0.03699022733663964,0.036990208979431144,-1.1328125,1.078125,1.1328125,9.5367431640625e-07,0,0.0,0.021559894211306656,0.10831365534203036,0.16167619210202483,0.0,0.0,0.0,1.0,,0
INT4,blk.5.attn_k.weight,B05,Q4_HP1,512x2048,1048576,-5.1878392696380615e-05,0.027696039527654648,0.037349169492325515,0.0373491334624892,-1.25,1.0,1.25,0.175018310546875,183519,0.1750173568725586,0.0221865205164579,0.11307355256132952,0.1691781390589236,0.00489046710299697,0.1171875,0.13220970659331024,0.991390917633572,17.574733171567168,0
INT8,blk.5.attn_k.weight,B05,Q8_HP1,512x2048,1048576,-3.699504304677248e-05,0.02798040013294667,0.037096269443429974,0.03709625099637895,-1.140625,1.078125,1.140625,0.011077880859375,11615,0.011076927185058594,0.021654084358656782,0.1090594614712705,0.1618544639501344,0.0003194991777944121,0.0078125,0.008637394274080092,0.9999669017514702,41.27234511123103,0
FP16,blk.5.attn_output.weight,B05,float16,2048x2048,4194304,1.421944091362093e-07,0.01040027121894127,0.013493804703326026,0.013493804702576821,-0.353515625,0.46484375,0.46484375,3.0994415283203125e-06,0,0.0,0.008333180456967909,0.03786666750414334,0.05331027865563507,0.0,0.0,0.0,1.0,,0
INT4,blk.5.attn_output.weight,B05,Q4_HP1,2048x2048,4194304,-6.827409379184246e-06,0.010329214506782591,0.013621495705576456,0.013621493994548432,-0.375,0.4375,0.4375,0.17155790328979492,719553,0.1715548038482666,0.008725515057045559,0.04036631358618937,0.05628198000686777,0.0017616635369149748,0.031005859375,0.1305535077501715,0.9916021328546064,17.684229098639555,0
INT8,blk.5.attn_output.weight,B05,Q8_HP1,2048x2048,4194304,1.6090780263766646e-07,0.010429192210722249,0.013532165227109693,0.013532165226153034,-0.35546875,0.46484375,0.46484375,0.010880231857299805,45622,0.010877132415771484,0.00839351431821586,0.0378693700109042,0.05376911509654757,0.00011431343494619014,0.001953125,0.008471549533988256,0.9999682475176527,41.44074290906062,0
FP16,blk.5.attn_q.weight,B05,float16,2048x2048,4194304,5.69250251203357e-06,0.019096233165114995,0.026003774680103224,0.02600377405702858,-0.80078125,0.53515625,0.80078125,1.9073486328125e-06,0,0.0,0.014150758416224254,0.08102766335801484,0.12148949173550218,0.0,0.0,0.0,1.0,,0
INT4,blk.5.attn_q.weight,B05,Q4_HP1,2048x2048,4194304,-7.276423275470734e-06,0.018948903772979975,0.02625908311098701,0.026259082102834203,-0.75,0.5,0.75,0.17922639846801758,751722,0.17922449111938477,0.016726883159263684,0.0847188937474065,0.1276703125913367,0.003451246216871883,0.0625,0.13272097067940689,0.9913259329208224,17.541209013578598,0
INT8,blk.5.attn_q.weight,B05,Q8_HP1,2048x2048,4194304,5.72578574065119e-06,0.019149590298184194,0.026077960773603616,0.02607796014501492,-0.8046875,0.5390625,0.8046875,0.01132059097290039,47474,0.011318683624267578,0.014393020066747478,0.08114486110960223,0.12172055343213535,0.0002240355276222047,0.00390625,0.008615500264029952,0.999967050091245,41.294389998445894,0
FP16,blk.5.attn_v.weight,B05,float16,512x2048,1048576,-3.1389018317895534e-06,0.00877081108302491,0.011240786051572199,0.011240785613315263,-0.138671875,0.091796875,0.138671875,1.9073486328125e-06,0,0.0,0.007126500967253757,0.03069485282109054,0.04165908195474906,0.0,0.0,0.0,1.0,,0
INT4,blk.5.attn_v.weight,B05,Q4_HP1,512x2048,1048576,-7.3071569204330444e-06,0.008703192695975304,0.011345389862005539,0.01134538750886702,-0.125,0.09375,0.125,0.18200111389160156,190840,0.18199920654296875,0.00838266154860516,0.033022697186134715,0.043146066635869534,0.0014638643722892557,0.013916015625,0.13022793651379136,0.9916414233804393,17.70591681730143,0
INT8,blk.5.attn_v.weight,B05,Q8_HP1,512x2048,1048576,-3.0425144359469414e-06,0.008795333676971495,0.011272896200805103,0.011272895790223204,-0.138671875,0.091796875,0.138671875,0.011609077453613281,12171,0.011607170104980469,0.00725121336113816,0.03075549278207288,0.04172670609998212,9.511077477362311e-05,0.0009765625,0.008461220980210755,0.9999683742217448,41.451339248186976,0
FP16,blk.6.attn_norm.weight,auxiliary,float32,2048,2048,0.46497631072998047,0.46497631072998047,0.4691283576577977,0.0622771741381962,0.1513671875,0.9296875,0.9296875,0.0,0,0.0,0.46244530591225175,0.6997337817002994,0.8404593801276495,0.0,0.0,0.0,1.0,,0
INT4,blk.6.attn_norm.weight,auxiliary,F32,2048,2048,0.46497631072998047,0.46497631072998047,0.4691283576577977,0.0622771741381962,0.1513671875,0.9296875,0.9296875,0.0,0,0.0,0.46244530591225175,0.6997337817002994,0.8404593801276495,0.0,0.0,0.0,1.0,,0
INT8,blk.6.attn_norm.weight,auxiliary,F32,2048,2048,0.46497631072998047,0.46497631072998047,0.4691283576577977,0.0622771741381962,0.1513671875,0.9296875,0.9296875,0.0,0,0.0,0.46244530591225175,0.6997337817002994,0.8404593801276495,0.0,0.0,0.0,1.0,,0
FP16,blk.6.ffn_down.weight,B06,float16,2048x8192,16777216,5.498098815337471e-06,0.012229692977733464,0.01571189461305586,0.015711893651074754,-0.64453125,0.52734375,0.64453125,1.4901161193847656e-06,0,0.0,0.009925878882923036,0.04297947901030366,0.05987446092104372,0.0,0.0,0.0,1.0,,0
INT4,blk.6.ffn_down.weight,B06,Q4_HP1,2048x8192,16777216,-8.11705831438303e-07,0.012136252888012677,0.01587625502425531,0.015876255003505254,-0.625,0.5,0.625,0.1849181056022644,3102386,0.18491661548614502,0.009044491781908444,0.04407891574222735,0.06198165419940421,0.0021228069249421893,0.05908203125,0.13510827161342048,0.9910215155313303,17.386361234792826,0
INT8,blk.6.ffn_down.weight,B06,Q8_HP1,2048x8192,16777216,5.592926754616201e-06,0.012263773591257632,0.015756766350293955,0.015756765357678146,-0.6484375,0.53125,0.6484375,0.011735618114471436,196866,0.01173412799835205,0.009855769145859887,0.04310448765851429,0.06003176605388462,0.00013755898874150493,0.00390625,0.008755086011536748,0.9999658498714981,41.154791659452385,0
FP16,blk.6.ffn_gate.weight,B06,float16,8192x2048,16777216,-9.214885784913918e-05,0.016557855365203267,0.021670467643083374,0.021670271720906513,-0.357421875,0.373046875,0.373046875,1.430511474609375e-06,0,0.0,0.013146609271145578,0.06247632712818681,0.09606073860065743,0.0,0.0,0.0,1.0,,0
INT4,blk.6.ffn_gate.weight,B06,Q4_HP1,8192x2048,16777216,-0.00010295119136571884,0.016446701949462295,0.021873008921332957,0.021872766636274146,-0.375,0.375,0.375,0.17090487480163574,2867284,0.17090344429016113,0.01630514623157816,0.06853688610981389,0.09956610222172595,0.0027999049422873846,0.03125,0.12920371578511083,0.991773763546677,17.77449992468798,0
INT8,blk.6.ffn_gate.weight,B06,Q8_HP1,8192x2048,16777216,-9.249044524040073e-05,0.01660401477420237,0.021732107658236778,0.021731910840667758,-0.359375,0.375,0.375,0.01078885793685913,180983,0.010787427425384521,0.013342871953431156,0.06280868749695753,0.0965997231581313,0.0001818890601187828,0.001953125,0.008393407245036398,0.9999689091691031,41.521234091338926,0
FP16,blk.6.ffn_up.weight,B06,float16,8192x2048,16777216,2.824041608562311e-06,0.012568559151240777,0.015990755862522663,0.015990755613153242,-0.46484375,0.2578125,0.46484375,1.6689300537109375e-06,0,0.0,0.010334154791604816,0.04323296053212904,0.0595834233181271,0.0,0.0,0.0,1.0,,0
INT4,blk.6.ffn_up.weight,B06,Q4_HP1,8192x2048,16777216,-5.630659870803356e-06,0.01247669046279043,0.01615254868494867,0.016152547703545298,-0.4375,0.25,0.4375,0.18024945259094238,3024056,0.18024778366088867,0.009128145365027769,0.044551581847543424,0.061445858058234985,0.002123434267392417,0.0299072265625,0.1327913630630234,0.9913222138165232,17.536603423464115,0
INT8,blk.6.ffn_up.weight,B06,Q8_HP1,8192x2048,16777216,2.812317688949406e-06,0.012603634284459986,0.016036471464863276,0.016036471218265052,-0.46484375,0.2578125,0.46484375,0.01145029067993164,192076,0.01144862174987793,0.01032543106715155,0.04336582753564987,0.059737595335789775,0.00013774443607808301,0.00194549560546875,0.00861400406974588,0.9999670801692139,41.29589854775869,0
FP16,blk.6.ffn_norm.weight,auxiliary,float32,2048,2048,0.33286309242248535,0.3330233097076416,0.33499518061649,0.0377350333140799,-0.1640625,0.4609375,0.4609375,0.0,0,0.0,0.32628225653190795,0.4171917716454364,0.4657410659067144,0.0,0.0,0.0,1.0,,0
INT4,blk.6.ffn_norm.weight,auxiliary,F32,2048,2048,0.33286309242248535,0.3330233097076416,0.33499518061649,0.0377350333140799,-0.1640625,0.4609375,0.4609375,0.0,0,0.0,0.32628225653190795,0.4171917716454364,0.4657410659067144,0.0,0.0,0.0,1.0,,0
INT8,blk.6.ffn_norm.weight,auxiliary,F32,2048,2048,0.33286309242248535,0.3330233097076416,0.33499518061649,0.0377350333140799,-0.1640625,0.4609375,0.4609375,0.0,0,0.0,0.32628225653190795,0.4171917716454364,0.4657410659067144,0.0,0.0,0.0,1.0,,0
FP16,blk.6.attn_k.weight,B06,float16,512x2048,1048576,-2.578219567794804e-05,0.028296247842774847,0.038225720107309624,0.038225711412618095,-0.38671875,0.37109375,0.38671875,1.9073486328125e-06,0,0.0,0.021455761187286652,0.12033485621510775,0.18841842218116953,0.0,0.0,0.0,1.0,,0
INT4,blk.6.attn_k.weight,B06,Q4_HP1,512x2048,1048576,-4.046782851219177e-05,0.02809663489460945,0.03859361348853167,0.038593592271995485,-0.375,0.375,0.375,0.173614501953125,182046,0.1736125946044922,0.02239852269823993,0.13202019948485957,0.19685798722609216,0.005052064564599885,0.03125,0.13216401287974208,0.9913954619282611,17.577735667866342,0
INT8,blk.6.attn_k.weight,B06,Q8_HP1,512x2048,1048576,-2.59296502918005e-05,0.028375229565426707,0.03833476343448284,0.038334754665068596,-0.38671875,0.37109375,0.38671875,0.010867118835449219,11393,0.010865211486816406,0.021520438671432596,0.12097269047165816,0.18963874924388288,0.000327621325280225,0.001953125,0.0085707038182801,0.9999674331298177,41.33967025501438,0
FP16,blk.6.attn_output.weight,B06,float16,2048x2048,4194304,-6.84234066739009e-07,0.010985972539543809,0.014262254579340543,0.01426225456292742,-0.271484375,0.2490234375,0.271484375,1.6689300537109375e-06,0,0.0,0.00875860077564057,0.0406205249269544,0.057275920809599784,0.0,0.0,0.0,1.0,,0
INT4,blk.6.attn_output.weight,B06,Q4_HP1,2048x2048,4194304,-8.647679351270199e-06,0.010914532351307571,0.014397999258519298,0.014397996661548581,-0.25,0.21875,0.25,0.17023682594299316,714018,0.17023515701293945,0.008828972847363213,0.04238597379122478,0.05976424813506305,0.001843364891543112,0.031005859375,0.12924779047299445,0.991771118678126,17.77153745111572,0
INT8,blk.6.attn_output.weight,B06,Q8_HP1,2048x2048,4194304,-5.637048161588609e-07,0.011016539567208383,0.014302781441745746,0.01430278143063731,-0.2734375,0.248046875,0.2734375,0.010785579681396484,45231,0.010783910751342773,0.008750755010193411,0.04068622254750222,0.05757320981820351,0.00011970081855025803,0.001953125,0.008392839847610738,0.9999689056694568,41.521821280529565,0
FP16,blk.6.attn_q.weight,B06,float16,2048x2048,4194304,-2.872619006666355e-06,0.018463933115754116,0.024623801518513427,0.02462380135095319,-0.2197265625,0.212890625,0.2197265625,1.1920928955078125e-06,0,0.0,0.014183022082845827,0.07460067646940129,0.11249558640018191,0.0,0.0,0.0,1.0,,0
INT4,blk.6.attn_q.weight,B06,Q4_HP1,2048x2048,4194304,-1.4647375792264938e-05,0.018333413172513247,0.024857572975887463,0.024857568660388994,-0.21875,0.21875,0.21875,0.17537307739257812,735563,0.17537188529968262,0.016728043536540352,0.07958568148411184,0.11754326304390933,0.0032116822072547134,0.015625,0.1304299908704189,0.9916186443302273,17.692450722395403,0
INT8,blk.6.attn_q.weight,B06,Q8_HP1,2048x2048,4194304,-2.7461210265755653e-06,0.018515333882533014,0.024693892791991783,0.02469389263929855,-0.220703125,0.212890625,0.220703125,0.011166095733642578,46829,0.01116490364074707,0.014424018836675205,0.07456025070694644,0.11309339060501698,0.00020864114722424625,0.0009765625,0.008473149325354139,0.9999682444992822,41.439102795960395,0
FP16,blk.6.attn_v.weight,B06,float16,512x2048,1048576,-7.2160253807851404e-06,0.0101144627099643,0.013170816068906533,0.013170814092148757,-0.126953125,0.158203125,0.158203125,1.9073486328125e-06,0,0.0,0.008025782819861556,0.0373670560641793,0.051893962332463954,0.0,0.0,0.0,1.0,,0
INT4,blk.6.attn_v.weight,B06,Q4_HP1,512x2048,1048576,-1.5061348676681519e-05,0.010027602314949036,0.013302972011599227,0.013302963485523381,-0.125,0.15625,0.15625,0.19087600708007812,200146,0.1908740997314453,0.00865587180261427,0.040050810416074056,0.05387755312347759,0.0017708157331746827,0.0137939453125,0.13444996300230766,0.9911012344785763,17.42878625898032,0
INT8,blk.6.attn_v.weight,B06,Q8_HP1,512x2048,1048576,-7.077353075146675e-06,0.010142577812075615,0.013208355022422139,0.013208353126314331,-0.126953125,0.158203125,0.158203125,0.01226806640625,12862,0.012266159057617188,0.008136707715074925,0.03737040241634751,0.05202248936749365,0.00011470829003253595,0.0009765625,0.008709277347159799,0.9999662321981603,41.20035758219137,0
FP16,blk.7.attn_norm.weight,auxiliary,float32,2048,2048,0.4750056266784668,0.4750056266784668,0.48081596697257517,0.07452280670754113,0.138671875,1.0078125,1.0078125,0.0,0,0.0,0.473583974939739,0.6955151502644648,0.9701860450215926,0.0,0.0,0.0,1.0,,0
INT4,blk.7.attn_norm.weight,auxiliary,F32,2048,2048,0.4750056266784668,0.4750056266784668,0.48081596697257517,0.07452280670754113,0.138671875,1.0078125,1.0078125,0.0,0,0.0,0.473583974939739,0.6955151502644648,0.9701860450215926,0.0,0.0,0.0,1.0,,0
INT8,blk.7.attn_norm.weight,auxiliary,F32,2048,2048,0.4750056266784668,0.4750056266784668,0.48081596697257517,0.07452280670754113,0.138671875,1.0078125,1.0078125,0.0,0,0.0,0.473583974939739,0.6955151502644648,0.9701860450215926,0.0,0.0,0.0,1.0,,0
FP16,blk.7.ffn_down.weight,B07,float16,2048x8192,16777216,-2.558511681627351e-06,0.012507678096461916,0.016099015986957503,0.01609901578365371,-0.484375,0.46875,0.484375,1.2516975402832031e-06,0,0.0,0.010124521004218559,0.04392078684004422,0.06177883631577747,0.0,0.0,0.0,1.0,,0
INT4,blk.7.ffn_down.weight,B07,Q4_HP1,2048x8192,16777216,-1.0009098332375288e-05,0.012408875569235533,0.016267524369580347,0.01626752129037614,-0.5,0.4375,0.5,0.18702340126037598,3137711,0.1870221495628357,0.009080985794022486,0.04595060317178457,0.06557898539816037,0.002179653258406049,0.03125,0.13539046486890122,0.990983861951311,17.36823841178231,0
INT8,blk.7.ffn_down.weight,B07,Q8_HP1,2048x8192,16777216,-2.5497829483356327e-06,0.012542502281576162,0.016145009576212198,0.01614500937486846,-0.484375,0.46875,0.484375,0.01184779405593872,198752,0.011846542358398438,0.01008371756158945,0.04407560250416741,0.06184189335661397,0.00014127601746417528,0.001953125,0.008775444261849855,0.9999656748470973,41.13461775801548,0
FP16,blk.7.ffn_gate.weight,B07,float16,8192x2048,16777216,-5.2022124261696945e-05,0.01582671107997058,0.021040822400792268,0.021040758089961233,-0.59375,0.5078125,0.59375,1.430511474609375e-06,0,0.0,0.012360961005708508,0.062473083982609076,0.10353089894455819,0.0,0.0,0.0,1.0,,0
INT4,blk.7.ffn_gate.weight,B07,Q4_HP1,8192x2048,16777216,-6.20491337031126e-05,0.015716238995082676,0.02124038638610421,0.021240295754438258,-0.625,0.5,0.625,0.17382878065109253,2916339,0.17382735013961792,0.015972720887966273,0.06860185117135548,0.10476502420818924,0.0027367328588564915,0.059814453125,0.1300677704856937,0.991665218597084,17.716606080182004,0
INT8,blk.7.ffn_gate.weight,B07,Q8_HP1,8192x2048,16777216,-5.218659862293862e-05,0.015870751627517166,0.02110073955484273,0.021100675020487587,-0.59375,0.5078125,0.59375,0.011024236679077148,184932,0.011022806167602539,0.012523137118296213,0.06283946368930708,0.1039799407133122,0.0001779437716002807,0.00390625,0.008457073027410774,0.9999683835807129,41.45559838459284,0
FP16,blk.7.ffn_up.weight,B07,float16,8192x2048,16777216,2.636174478709563e-07,0.012901247693658746,0.016451713999185966,0.016451713997073902,-0.22265625,0.224609375,0.224609375,1.5497207641601562e-06,0,0.0,0.010569282205997331,0.04438922792170561,0.061327367328860606,0.0,0.0,0.0,1.0,,0
INT4,blk.7.ffn_up.weight,B07,Q4_HP1,8192x2048,16777216,-6.68445136398077e-06,0.012808097642846406,0.01661766899846798,0.01661766765405885,-0.21875,0.21875,0.21875,0.18046700954437256,3027708,0.1804654598236084,0.00917185347714734,0.04675085014597744,0.0640384420770701,0.0021709941205349686,0.015625,0.13196157680849482,0.9914303939631608,17.59105007424394,0
INT8,blk.7.ffn_up.weight,B07,Q8_HP1,8192x2048,16777216,2.9541843105107546e-07,0.012937211562530138,0.01649869064957675,0.01649869064693193,-0.22265625,0.224609375,0.224609375,0.01139843463897705,191208,0.01139688491821289,0.010599732507731255,0.044751094728224965,0.061403528321320885,0.00014094255515538997,0.0009765625,0.008567043844936997,0.9999674724883381,41.343380208696104,0
FP16,blk.7.ffn_norm.weight,auxiliary,float32,2048,2048,0.33403968811035156,0.33403968811035156,0.33544812764485915,0.030707215887813253,0.1337890625,0.45703125,0.45703125,0.0,0,0.0,0.32521467984457075,0.416965521912482,0.47830407904593714,0.0,0.0,0.0,1.0,,0
INT4,blk.7.ffn_norm.weight,auxiliary,F32,2048,2048,0.33403968811035156,0.33403968811035156,0.33544812764485915,0.030707215887813253,0.1337890625,0.45703125,0.45703125,0.0,0,0.0,0.32521467984457075,0.416965521912482,0.47830407904593714,0.0,0.0,0.0,1.0,,0
INT8,blk.7.ffn_norm.weight,auxiliary,F32,2048,2048,0.33403968811035156,0.33403968811035156,0.33544812764485915,0.030707215887813253,0.1337890625,0.45703125,0.45703125,0.0,0,0.0,0.32521467984457075,0.416965521912482,0.47830407904593714,0.0,0.0,0.0,1.0,,0
FP16,blk.7.attn_k.weight,B07,float16,512x2048,1048576,-3.625446765909146e-05,0.028851914608253537,0.03797121596564383,0.03797119865797154,-0.333984375,0.29296875,0.333984375,9.5367431640625e-07,0,0.0,0.022489441157551398,0.11274293644246068,0.16130158322182134,0.0,0.0,0.0,1.0,,0
INT4,blk.7.attn_k.weight,B07,Q4_HP1,512x2048,1048576,-5.447119474411011e-05,0.02865578979253769,0.03832705098168152,0.03832701227386969,-0.3125,0.3125,0.3125,0.17128944396972656,179609,0.17128849029541016,0.024218440819123315,0.11821111488089883,0.16908066733442464,0.004918798254470356,0.03125,0.1295401827247476,0.9917310696331555,17.751909893628675,0
INT8,blk.7.attn_k.weight,B07,Q8_HP1,512x2048,1048576,-3.632274456322193e-05,0.028932437067851424,0.038079159561764886,0.038079142238088524,-0.3359375,0.29296875,0.3359375,0.010863304138183594,11390,0.010862350463867188,0.022640400366389722,0.11337103365385541,0.1614900565363158,0.0003193996454109633,0.001953125,0.008411625419105739,0.9999687517933057,41.50240150534793,0
FP16,blk.7.attn_output.weight,B07,float16,2048x2048,4194304,-4.901517201005845e-07,0.011304898639323824,0.01474267804070717,0.014742678032559102,-0.369140625,0.251953125,0.369140625,1.6689300537109375e-06,0,0.0,0.008963793179484487,0.0421945118500484,0.06065826726762045,0.0,0.0,0.0,1.0,,0
INT4,blk.7.attn_output.weight,B07,Q4_HP1,2048x2048,4194304,-7.954426109790802e-06,0.01123018260113895,0.014884649734253429,0.014884647608812106,-0.375,0.25,0.375,0.17186427116394043,720844,0.17186260223388672,0.008875065320528666,0.04361556393110354,0.06383622147096175,0.0019201971736159307,0.0302734375,0.1302475146180309,0.991644622838886,17.704611103059808,0
INT8,blk.7.attn_output.weight,B07,Q8_HP1,2048x2048,4194304,-4.519097274169326e-07,0.011336475552525371,0.014784784643229389,0.014784784636322884,-0.37109375,0.25390625,0.37109375,0.010870218276977539,45586,0.010868549346923828,0.008920194116131012,0.04228867199457795,0.0607961545358402,0.00012471654236800438,0.001953125,0.008459558163288902,0.9999683868894411,41.45304638521601,0
FP16,blk.7.attn_q.weight,B07,float16,2048x2048,4194304,2.184381544623193e-05,0.019365136618617385,0.026375918219768178,0.0263759091745408,-0.263671875,0.302734375,0.302734375,1.6689300537109375e-06,0,0.0,0.014434157395237715,0.08396804156351448,0.12810016706280247,0.0,0.0,0.0,1.0,,0
INT4,blk.7.attn_q.weight,B07,Q4_HP1,2048x2048,4194304,7.462920621037483e-06,0.019231239100918174,0.026621608739282758,0.026621607693230548,-0.25,0.3125,0.3125,0.1729872226715088,725554,0.17298555374145508,0.016800092238839177,0.08758060121073187,0.13885784602598522,0.0034176260626400936,0.0306396484375,0.12957372835947972,0.9917257826340766,17.74966089293604,0
INT8,blk.7.attn_q.weight,B07,Q8_HP1,2048x2048,4194304,2.18811328522861e-05,0.019419265066972002,0.02645105000190561,0.026451040951526575,-0.265625,0.3046875,0.3046875,0.010877132415771484,45615,0.010875463485717773,0.014696010681394645,0.08413167126975815,0.12861799877311428,0.00022210274384867478,0.001953125,0.008420663955585576,0.9999686923629197,41.49307327480821,0
FP16,blk.7.attn_v.weight,B07,float16,512x2048,1048576,1.0289846841260442e-06,0.010659654617143133,0.013740350917138775,0.013740350878609574,-0.091796875,0.0869140625,0.091796875,1.9073486328125e-06,0,0.0,0.008579849410990692,0.03815729361973333,0.05193428198982514,0.0,0.0,0.0,1.0,,0
INT4,blk.7.attn_v.weight,B07,Q4_HP1,512x2048,1048576,-5.23589551448822e-06,0.010568050667643547,0.013878138263258207,0.013878137275567989,-0.09375,0.09375,0.09375,0.1900463104248047,199276,0.19004440307617188,0.008789165398495839,0.04068114798904669,0.053945505580044836,0.0018523846964302265,0.0078125,0.13481349258116024,0.9910526641518637,17.405332799885944,0
INT8,blk.7.attn_v.weight,B07,Q8_HP1,512x2048,1048576,1.0580988600850105e-06,0.010689414921216667,0.013779694155444945,0.013779694114820922,-0.091796875,0.0869140625,0.091796875,0.012150764465332031,12739,0.012148857116699219,0.00860139458206148,0.03817353044197159,0.05207099356519969,0.0001201640329195429,0.00048828125,0.008745339449057192,0.9999659563432534,41.1644665756413,0
FP16,blk.8.attn_norm.weight,auxiliary,float32,2048,2048,0.5030989646911621,0.5030989646911621,0.5082148438985674,0.07192884877103238,0.1416015625,1.09375,1.09375,0.0,0,0.0,0.5114797673829865,0.7571082156326675,1.0565297073492557,0.0,0.0,0.0,1.0,,0
INT4,blk.8.attn_norm.weight,auxiliary,F32,2048,2048,0.5030989646911621,0.5030989646911621,0.5082148438985674,0.07192884877103238,0.1416015625,1.09375,1.09375,0.0,0,0.0,0.5114797673829865,0.7571082156326675,1.0565297073492557,0.0,0.0,0.0,1.0,,0
INT8,blk.8.attn_norm.weight,auxiliary,F32,2048,2048,0.5030989646911621,0.5030989646911621,0.5082148438985674,0.07192884877103238,0.1416015625,1.09375,1.09375,0.0,0,0.0,0.5114797673829865,0.7571082156326675,1.0565297073492557,0.0,0.0,0.0,1.0,,0
FP16,blk.8.ffn_down.weight,B08,float16,2048x8192,16777216,-3.836836313553249e-06,0.012610538388408088,0.01615370525147496,0.016153704795811293,-0.466796875,0.58203125,0.58203125,1.7285346984863281e-06,0,0.0,0.01027048254739698,0.04388194400021758,0.06117432187330644,0.0,0.0,0.0,1.0,,0
INT4,blk.8.ffn_down.weight,B08,Q4_HP1,2048x8192,16777216,-1.0799034498631954e-05,0.012513095396570861,0.016323293450679073,0.016323289878509055,-0.4375,0.625,0.625,0.18577688932418823,3116790,0.18577516078948975,0.00910825959463231,0.04586135769852847,0.06353441366545916,0.002181898773750747,0.0625,0.1350711022507683,0.991027207008347,17.388751121032723,0
INT8,blk.8.ffn_down.weight,B08,Q8_HP1,2048x8192,16777216,-3.953166014980525e-06,0.012645670016354416,0.016199849761764116,0.016199849279428725,-0.46875,0.5859375,0.5859375,0.011786282062530518,197712,0.011784553527832031,0.010252161323089811,0.04403479915450804,0.06125967740693295,0.00014144969703850724,0.00390625,0.008756486195363246,0.999965839609734,41.15340265313449,0
FP16,blk.8.ffn_gate.weight,B08,float16,8192x2048,16777216,-8.048628496126753e-05,0.015711569051600094,0.020717234988723136,0.020717078643860656,-0.462890625,0.55078125,0.55078125,1.430511474609375e-06,0,0.0,0.012425127084470544,0.06072930791981529,0.09838174808843768,0.0,0.0,0.0,1.0,,0
INT4,blk.8.ffn_gate.weight,B08,Q4_HP1,8192x2048,16777216,-9.1326714027673e-05,0.015597863995935768,0.02091603634555765,0.020915836962454873,-0.4375,0.5,0.5,0.17568212747573853,2947433,0.17568069696426392,0.016009336100886142,0.06615949555544998,0.10115436150373125,0.002730042305193359,0.05712890625,0.13177638360907637,0.9914456207153676,17.603248302771217,0
INT8,blk.8.ffn_gate.weight,B08,Q8_HP1,8192x2048,16777216,-8.06757525424473e-05,0.015755316999275237,0.020776238990104078,0.02077608235440148,-0.46484375,0.5546875,0.5546875,0.011088669300079346,186013,0.011087238788604736,0.012597726685676183,0.06096207448782553,0.0988541290268764,0.00017727771206957934,0.00390625,0.008557016038389082,0.9999675369280814,41.35355308026241,0
FP16,blk.8.ffn_up.weight,B08,float16,8192x2048,16777216,-4.6153491695122284e-07,0.012975538836087708,0.016587203280261,0.016587203273839952,-0.310546875,0.2490234375,0.310546875,1.6093254089355469e-06,0,0.0,0.01057620409329386,0.0452978039489845,0.06171104137124336,0.0,0.0,0.0,1.0,,0
INT4,blk.8.ffn_up.weight,B08,Q4_HP1,8192x2048,16777216,-8.105998858809471e-06,0.012880839407444,0.016754125188915392,0.016754123227988738,-0.3125,0.21875,0.3125,0.18219250440597534,3056656,0.1821908950805664,0.009171454738360006,0.047493187565996846,0.0652213667010661,0.002188560353439056,0.0302734375,0.13194269802212363,0.9914324152922441,17.592292790416735,0
INT8,blk.8.ffn_up.weight,B08,Q8_HP1,8192x2048,16777216,-5.019101081416011e-07,0.013011681163334288,0.016634525750153915,0.0166345257425819,-0.3125,0.248046875,0.3125,0.011576950550079346,194202,0.01157534122467041,0.010608854367030941,0.04562463827308206,0.061772089453138807,0.00014198598117849706,0.001953125,0.008559971128313254,0.9999675257578244,41.35055400280129,0
FP16,blk.8.ffn_norm.weight,auxiliary,float32,2048,2048,0.35339975357055664,0.35339975357055664,0.35402024264295145,0.02095104716342515,0.1181640625,0.515625,0.515625,0.0,0,0.0,0.3581441128311226,0.42021523334986927,0.49972281798605117,0.0,0.0,0.0,1.0,,0
INT4,blk.8.ffn_norm.weight,auxiliary,F32,2048,2048,0.35339975357055664,0.35339975357055664,0.35402024264295145,0.02095104716342515,0.1181640625,0.515625,0.515625,0.0,0,0.0,0.3581441128311226,0.42021523334986927,0.49972281798605117,0.0,0.0,0.0,1.0,,0
INT8,blk.8.ffn_norm.weight,auxiliary,F32,2048,2048,0.35339975357055664,0.35339975357055664,0.35402024264295145,0.02095104716342515,0.1181640625,0.515625,0.515625,0.0,0,0.0,0.3581441128311226,0.42021523334986927,0.49972281798605117,0.0,0.0,0.0,1.0,,0
FP16,blk.8.attn_k.weight,B08,float16,512x2048,1048576,1.8963434115448763e-05,0.028929533661141704,0.03850071956026438,0.03850071489006783,-0.51171875,0.45703125,0.51171875,9.5367431640625e-07,0,0.0,0.022362274399077835,0.11519640008850805,0.17698871652590126,0.0,0.0,0.0,1.0,,0
INT4,blk.8.attn_k.weight,B08,Q4_HP1,512x2048,1048576,-3.5427510738372803e-06,0.028662677854299545,0.03886382290430047,0.038863822742825294,-0.5,0.4375,0.5,0.18113994598388672,189938,0.1811389923095703,0.024156523798630453,0.12196822662477486,0.18682317593724093,0.005219918362415773,0.042724609375,0.1355797611586231,0.9909389918986926,17.356102709841956,0
INT8,blk.8.attn_k.weight,B08,Q8_HP1,512x2048,1048576,1.9312603399157524e-05,0.02901055966503918,0.03861115408775614,0.038611149257847754,-0.515625,0.45703125,0.515625,0.011470794677734375,12027,0.011469841003417969,0.02251445663536044,0.11578435204520521,0.1788840330352284,0.0003398027037587932,0.00390625,0.008825879298876663,0.9999652653488383,41.08484032361442,0
FP16,blk.8.attn_output.weight,B08,float16,2048x2048,4194304,6.19763859788236e-06,0.011172755210438368,0.014552560727841453,0.0145525594081175,-0.392578125,0.3125,0.392578125,1.6689300537109375e-06,0,0.0,0.00887288240046455,0.0417852623238963,0.05960681134655782,0.0,0.0,0.0,1.0,,0
INT4,blk.8.attn_output.weight,B08,Q4_HP1,2048x2048,4194304,-1.969514414668083e-06,0.011095377383753657,0.014692415583120426,0.014692415451113982,-0.375,0.3125,0.375,0.17417621612548828,730541,0.17417454719543457,0.008855959393318555,0.043310078359695185,0.06183594066228431,0.0019005566431317556,0.031005859375,0.13059946484165338,0.9915988072784485,17.6811720533771,0
INT8,blk.8.attn_output.weight,B08,Q8_HP1,2048x2048,4194304,6.180518539622426e-06,0.011203990579815581,0.014594138936902264,0.01459413762819843,-0.39453125,0.3125,0.39453125,0.01109933853149414,46547,0.01109766960144043,0.008845844953167207,0.041875555318335006,0.05977876747505568,0.00012343100060200767,0.001953125,0.008481737538182113,0.9999682024406094,41.4303034125387,0
FP16,blk.8.attn_q.weight,B08,float16,2048x2048,4194304,-1.751413468298324e-05,0.01880188101604574,0.02549145754781101,0.025491451531188595,-0.478515625,0.494140625,0.494140625,2.1457672119140625e-06,0,0.0,0.014115092536340936,0.07797325193970595,0.11935504164229324,0.0,0.0,0.0,1.0,,0
INT4,blk.8.attn_q.weight,B08,Q4_HP1,2048x2048,4194304,-3.020418807864189e-05,0.018645976670086384,0.025743810953751254,0.025743793235059702,-0.5,0.4375,0.5,0.18138551712036133,760777,0.18138337135314941,0.016712986309235123,0.08221932527161487,0.12457603804915048,0.003434513289851447,0.056640625,0.13473193062459363,0.991061144221512,17.41058934007571,0
INT8,blk.8.attn_q.weight,B08,Q8_HP1,2048x2048,4194304,-1.7518163076601923e-05,0.018854378038668074,0.02556429637972097,0.025564290377481185,-0.48046875,0.49609375,0.49609375,0.011602163314819336,48654,0.011600017547607422,0.014354424131429448,0.07801800792316566,0.11969611748896059,0.0002227251855192799,0.001953125,0.008737247962441663,0.9999660096882687,41.17250677737054,0
FP16,blk.8.attn_v.weight,B08,float16,512x2048,1048576,-1.3410294570803671e-05,0.009965745571037132,0.012873449423612267,0.012873442438846827,-0.087890625,0.07958984375,0.087890625,9.5367431640625e-07,0,0.0,0.008018621316559551,0.03629950091110094,0.04996781708820031,0.0,0.0,0.0,1.0,,0
INT4,blk.8.attn_v.weight,B08,Q4_HP1,512x2048,1048576,-2.1304935216903687e-05,0.009882435202598572,0.013000928452700818,0.013000910996233345,-0.09375,0.078125,0.09375,0.18701839447021484,196102,0.18701744079589844,0.008651294841252781,0.038415157812176776,0.05140545905286618,0.0017282630663756134,0.0078125,0.13425019274209926,0.9911253533725451,17.441701642285818,0
INT8,blk.8.attn_v.weight,B08,Q8_HP1,512x2048,1048576,-1.3408833183348179e-05,0.009993638028390706,0.012910267634360038,0.012910260671032054,-0.087890625,0.080078125,0.087890625,0.011984825134277344,12566,0.011983871459960938,0.008126906487188489,0.03632967243079071,0.050184487552060036,0.00011203588922398125,0.00048828125,0.008702864751889023,0.9999663162407886,41.20675531281141,0
FP16,blk.9.attn_norm.weight,auxiliary,float32,2048,2048,0.48238563537597656,0.48238563537597656,0.4863085522600522,0.0616450061577037,0.126953125,1.0390625,1.0390625,0.0,0,0.0,0.4825454162284454,0.6485267981421812,0.8240986134390541,0.0,0.0,0.0,1.0,,0
INT4,blk.9.attn_norm.weight,auxiliary,F32,2048,2048,0.48238563537597656,0.48238563537597656,0.4863085522600522,0.0616450061577037,0.126953125,1.0390625,1.0390625,0.0,0,0.0,0.4825454162284454,0.6485267981421812,0.8240986134390541,0.0,0.0,0.0,1.0,,0
INT8,blk.9.attn_norm.weight,auxiliary,F32,2048,2048,0.48238563537597656,0.48238563537597656,0.4863085522600522,0.0616450061577037,0.126953125,1.0390625,1.0390625,0.0,0,0.0,0.4825454162284454,0.6485267981421812,0.8240986134390541,0.0,0.0,0.0,1.0,,0
FP16,blk.9.ffn_down.weight,B09,float16,2048x8192,16777216,-1.405305894763842e-06,0.012961779744472324,0.01656563664524608,0.01656563658563821,-0.341796875,0.56640625,0.56640625,2.2649765014648438e-06,0,0.0,0.010598527968915498,0.04474353289124445,0.06155303807565244,0.0,0.0,0.0,1.0,,0
INT4,blk.9.ffn_down.weight,B09,Q4_HP1,2048x8192,16777216,-7.854774594306946e-06,0.012865096563473344,0.016737677241919793,0.01673767539884783,-0.3125,0.625,0.625,0.18378198146820068,3083312,0.18377971649169922,0.009165208222599362,0.0469699502327315,0.06457742342399399,0.0022151362251583867,0.06103515625,0.13371875000011393,0.9912049164837662,17.47615383671206,0
INT8,blk.9.ffn_down.weight,B09,Q8_HP1,2048x8192,16777216,-1.3966273400001228e-06,0.012997960533539299,0.01661304360223141,0.016613043543525493,-0.34375,0.5703125,0.5703125,0.011674165725708008,195822,0.011671900749206543,0.01063747869818463,0.045098204496451126,0.06161534934685316,0.00014368833098758665,0.00390625,0.008673879191284904,0.9999665724208422,41.235732618897785,0
FP16,blk.9.ffn_gate.weight,B09,float16,8192x2048,16777216,-0.0001350171319245419,0.016365881475167043,0.021700260234367573,0.021699840197876144,-0.51171875,0.49609375,0.51171875,1.430511474609375e-06,0,0.0,0.012855286600251105,0.0645611610850238,0.10492984502887868,0.0,0.0,0.0,1.0,,0
INT4,blk.9.ffn_gate.weight,B09,Q4_HP1,8192x2048,16777216,-0.00014629802899435163,0.016252051515039057,0.0219078485454797,0.02190736005954139,-0.5,0.4375,0.5,0.173569917678833,2911996,0.1735684871673584,0.016192080418170312,0.06994749871012299,0.1083919240953584,0.002842647708574456,0.0615234375,0.13099601930452615,0.991546643457264,17.65483802892218,0
INT8,blk.9.ffn_gate.weight,B09,Q8_HP1,8192x2048,16777216,-0.00013544233297579922,0.016411394102760823,0.021761986897406403,0.021761565410083117,-0.515625,0.49609375,0.515625,0.010959029197692871,183838,0.010957598686218262,0.013051501585149313,0.06489403691828338,0.10570023722840342,0.00018458132611068778,0.00390625,0.00850594988802756,0.9999679611689931,41.40554360435907,0
FP16,blk.9.ffn_up.weight,B09,float16,8192x2048,16777216,1.5011740472914425e-06,0.013365172353019261,0.01705460476247964,0.01705460469641175,-0.251953125,0.2470703125,0.251953125,2.3245811462402344e-06,0,0.0,0.010940139907638993,0.04678265721171841,0.06242769342686498,0.0,0.0,0.0,1.0,,0
INT4,blk.9.ffn_up.weight,B09,Q4_HP1,8192x2048,16777216,-4.456145688891411e-06,0.013271526666358113,0.017223919194505354,0.01722391861806179,-0.25,0.21875,0.25,0.17953795194625854,3012108,0.1795356273651123,0.009236326930579953,0.04873219797122297,0.06723236361326208,0.0022300711737660585,0.0306396484375,0.13076064821345174,0.9915836624677837,17.67045870358507,0
INT8,blk.9.ffn_up.weight,B09,Q8_HP1,8192x2048,16777216,1.4791949070058763e-06,0.01340244814491598,0.017103270643464303,0.017103270579499414,-0.25390625,0.248046875,0.25390625,0.011386096477508545,190988,0.011383771896362305,0.011038405774649294,0.047074818608541076,0.06245482275689256,0.00014480613546509577,0.001953125,0.008490735345780116,0.9999681160145304,41.42109391529728,0
FP16,blk.9.ffn_norm.weight,auxiliary,float32,2048,2048,0.37024760246276855,0.37024760246276855,0.3711530445122674,0.02590936744300869,0.09033203125,0.5,0.5,0.0,0,0.0,0.38236617765085,0.42887715159391426,0.4958896120652447,0.0,0.0,0.0,1.0,,0
INT4,blk.9.ffn_norm.weight,auxiliary,F32,2048,2048,0.37024760246276855,0.37024760246276855,0.3711530445122674,0.02590936744300869,0.09033203125,0.5,0.5,0.0,0,0.0,0.38236617765085,0.42887715159391426,0.4958896120652447,0.0,0.0,0.0,1.0,,0
INT8,blk.9.ffn_norm.weight,auxiliary,F32,2048,2048,0.37024760246276855,0.37024760246276855,0.3711530445122674,0.02590936744300869,0.09033203125,0.5,0.5,0.0,0,0.0,0.38236617765085,0.42887715159391426,0.4958896120652447,0.0,0.0,0.0,1.0,,0
FP16,blk.9.attn_k.weight,B09,float16,512x2048,1048576,3.571912242250619e-05,0.028403275118250804,0.03694812232983407,0.03694810506432875,-0.357421875,0.392578125,0.392578125,1.9073486328125e-06,0,0.0,0.022641802036988692,0.10575980792438876,0.15372816285249383,0.0,0.0,0.0,1.0,,0
INT4,blk.9.attn_k.weight,B09,Q4_HP1,512x2048,1048576,3.203749656677246e-05,0.028206653892993927,0.03729286209260811,0.03729284833124309,-0.375,0.375,0.375,0.1720895767211914,180447,0.1720876693725586,0.0241343999833995,0.10995304470461127,0.16427181352769946,0.004793888235113349,0.031005859375,0.1297464643079436,0.9917038614965485,17.738089363612726,0
INT8,blk.9.attn_k.weight,B09,Q8_HP1,512x2048,1048576,3.613834269344807e-05,0.028482285561040044,0.0370533570274152,0.037053339404448916,-0.359375,0.39453125,0.39453125,0.010809898376464844,11333,0.010807991027832031,0.022826534084955226,0.10664354690493838,0.15380659307693031,0.0003113529717062145,0.001953125,0.008426760335120196,0.999968640222062,41.48678715281983,0
FP16,blk.9.attn_output.weight,B09,float16,2048x2048,4194304,1.0576117688287923e-06,0.011954949985266694,0.0157029748157917,0.01570297478017607,-0.447265625,0.50390625,0.50390625,1.6689300537109375e-06,0,0.0,0.009468410294522125,0.04615257477951013,0.07096737961598726,0.0,0.0,0.0,1.0,,0
INT4,blk.9.attn_output.weight,B09,Q4_HP1,2048x2048,4194304,-7.394002750515938e-06,0.011874167947098613,0.015852419798244935,0.01585241807386215,-0.5,0.5,0.5,0.1714491844177246,719103,0.1714475154876709,0.009002074176205915,0.0483497389843228,0.07410489112243546,0.0020443203052196005,0.05859375,0.13018681677841892,0.9916504454631757,17.708659837670623,0
INT8,blk.9.attn_output.weight,B09,Q8_HP1,2048x2048,4194304,1.1276424629613757e-06,0.011988295373157598,0.015747682602069137,0.015747682561695654,-0.4453125,0.5078125,0.5078125,0.01087498664855957,45606,0.01087331771850586,0.009358797589917237,0.04642176679354401,0.07105401035704127,0.00013279957116113595,0.00390625,0.008456968995937383,0.999968382816083,41.45570523142407,0
FP16,blk.9.attn_q.weight,B09,float16,2048x2048,4194304,1.3897791419026362e-05,0.0213816859841387,0.029654066633246857,0.029654063376549904,-0.3671875,0.42578125,0.42578125,7.152557373046875e-07,0,0.0,0.015568159305529565,0.09654088231648059,0.15001618924439533,0.0,0.0,0.0,1.0,,0
INT4,blk.9.attn_q.weight,B09,Q4_HP1,2048x2048,4194304,1.7206184566020966e-07,0.02123400359414518,0.029936071681601662,0.029936071681107186,-0.375,0.4375,0.4375,0.17286992073059082,725066,0.17286920547485352,0.017140411821745458,0.09973763788694337,0.16096974396166328,0.0038592800724307447,0.03125,0.1301433668495196,0.9916559211862198,17.711559242460694,0
INT8,blk.9.attn_q.weight,B09,Q8_HP1,2048x2048,4194304,1.4077158994041383e-05,0.021441191565827467,0.029738436132920223,0.029738432801097132,-0.3671875,0.42578125,0.42578125,0.010910749435424805,45760,0.0109100341796875,0.015858018029676627,0.09704589940422567,0.14999502507331083,0.00025064091904210316,0.001953125,0.00845216010815513,0.9999684177158462,41.46064569517327,0
FP16,blk.9.attn_v.weight,B09,float16,512x2048,1048576,4.137920882385515e-06,0.010914089775724278,0.01412135128892134,0.014121350682662447,-0.125,0.10009765625,0.125,9.5367431640625e-07,0,0.0,0.008751357695326986,0.040070363322610124,0.05586434888813379,0.0,0.0,0.0,1.0,,0
INT4,blk.9.attn_v.weight,B09,Q4_HP1,512x2048,1048576,-5.5730342864990234e-06,0.010812819004058838,0.014267811775742177,0.014267810687323265,-0.125,0.09375,0.125,0.19368457794189453,203092,0.19368362426757812,0.008819564792752211,0.0419844108397684,0.05829462800966104,0.0019438269350640599,0.01483154296875,0.1376516237924805,0.9906764991725739,17.224373222651728,0
INT8,blk.9.attn_v.weight,B09,Q8_HP1,512x2048,1048576,4.0995655581355095e-06,0.010944495792500675,0.01416173015237655,0.014161729559001378,-0.125,0.1005859375,0.125,0.012419700622558594,13022,0.012418746948242188,0.008743526929434966,0.04013944455584734,0.05618523355454931,0.00012571472983733303,0.0009765625,0.008902457510278095,0.9999645625947089,41.00980180906024,0
FP16,output_norm.weight,auxiliary,float32,2048,2048,2.352599561214447,2.352599561214447,2.3695723957687047,0.28310535735416625,0.0306396484375,2.90625,2.90625,0.0,0,0.0,2.4597327534875086,2.8212929312280965,2.8284085710251485,0.0,0.0,0.0,1.0,,0
INT4,output_norm.weight,auxiliary,F32,2048,2048,2.352599561214447,2.352599561214447,2.3695723957687047,0.28310535735416625,0.0306396484375,2.90625,2.90625,0.0,0,0.0,2.4597327534875086,2.8212929312280965,2.8284085710251485,0.0,0.0,0.0,1.0,,0
INT8,output_norm.weight,auxiliary,F32,2048,2048,2.352599561214447,2.352599561214447,2.3695723957687047,0.28310535735416625,0.0306396484375,2.90625,2.90625,0.0,0,0.0,2.4597327534875086,2.8212929312280965,2.8284085710251485,0.0,0.0,0.0,1.0,,0
